char	cantonese_count	mandarin_count
係	62383	296
嘅	46226	0
唔	41472	9
我	35549	15292
好	31748	9393
有	31076	20352
個	29186	12531
佢	28650	0
都	28355	14147
一	28235	21427
人	25338	15443
你	20835	11656
到	20390	9938
會	18638	10869
啲	18630	0
同	18626	2033
就	18242	9017
咗	17461	0
以	16239	11267
咁	15891	0
哋	15386	139
呢	15348	303
得	14402	6291
可	12983	7645
大	12917	5822
冇	12903	5
多	12569	7147
要	12434	8911
過	11676	6380
睇	11565	0
去	9793	4633
真	9629	6142
時	9349	4895
家	9337	3405
點	9154	3441
但	9004	4472
講	8949	4066
下	8941	5809
做	8872	3680
喺	8833	0
話	8747	2335
日	8741	1742
年	8539	2696
用	8507	4563
上	8451	5122
自	8402	4895
嘢	8229	0
為	8200	5753
又	8113	4868
後	7703	3980
幾	7580	2996
嗰	7423	0
成	7311	2141
嚟	7260	0
知	7162	2221
噉	7022	0
中	7015	3065
想	6871	6732
出	6824	4042
而	6757	2885
其	6678	3687
之	6413	2141
生	6294	2620
無	6286	6589
仲	6258	43
開	6210	2742
實	6184	4367
樣	6179	6020
啦	6171	4258
先	6131	1432
最	5910	2853
果	5825	3473
返	5817	177
食	5760	1140
咩	5755	0
如	5742	3564
面	5701	2320
國	5690	1907
入	5644	1764
地	5588	2016
己	5545	3691
打	5484	3166
學	5431	2448
所	5425	3228
度	5353	736
住	5333	1245
覺	5278	3119
經	5230	2777
意	5228	1757
心	5227	2851
啊	5095	408
對	5053	2917
埋	5049	653
因	4932	1828
邊	4926	886
分	4853	3363
間	4827	2316
定	4805	2547
前	4628	3438
似	4590	1185
問	4538	2700
本	4530	2524
事	4499	4148
解	4380	867
能	4354	4917
次	4313	2362
諗	4271	0
機	4253	1809
即	4232	699
不	4196	29265
行	4189	1818
女	4184	2387
手	4131	2072
畀	4079	0
仔	4071	1059
少	4056	1606
然	4044	4211
方	4028	1776
來	3970	3893
文	3866	1636
加	3859	1662
比	3843	2989
港	3831	1834
發	3821	1678
應	3801	2381
當	3795	1952
場	3772	2456
咪	3733	24
見	3722	2130
完	3652	2460
兩	3612	1759
工	3573	1295
香	3556	1684
頭	3506	1427
乜	3461	0
者	3446	1162
主	3431	1739
買	3410	2333
第	3407	1305
位	3393	1750
全	3393	1599
明	3356	2313
新	3312	1247
小	3286	2502
力	3269	1668
正	3251	4350
重	3241	1294
公	3227	1223
法	3223	1374
身	3169	1159
已	3150	2022
月	3133	780
今	3114	1571
未	3048	1687
再	3014	1803
起	3008	1892
使	2947	1448
題	2936	1592
作	2918	1137
識	2912	605
呀	2911	1661
落	2909	501
緊	2906	1103
動	2873	1790
老	2868	1472
俾	2865	2
理	2864	1271
該	2855	2005
友	2818	1525
只	2815	1829
水	2787	975
部	2781	1141
物	2772	812
條	2755	2128
喇	2753	14
種	2743	1024
叫	2734	1498
路	2727	954
高	2725	1383
等	2716	745
電	2711	1173
隻	2706	52
錢	2674	1747
細	2662	435
三	2661	1018
或	2654	911
於	2626	702
聽	2620	1085
啱	2613	0
道	2601	2235
通	2580	894
感	2488	1469
相	2484	1052
放	2480	1296
車	2476	1060
外	2473	1800
變	2458	1218
情	2444	2613
將	2442	1237
巴	2403	763
算	2400	1282
平	2391	1242
期	2373	1085
世	2344	699
依	2319	433
死	2310	1429
十	2306	2318
由	2305	1222
數	2304	681
球	2301	2504
現	2283	3008
太	2267	1314
美	2266	1243
英	2223	945
波	2204	323
更	2187	1777
玩	2184	1787
關	2181	930
陣	2176	639
聲	2159	593
原	2149	1336
喎	2138	0
走	2116	1481
影	2114	849
常	2113	1564
快	2110	1228
性	2090	1003
長	2085	1291
子	2079	4530
試	2062	1070
他	2059	16920
星	2053	1002
單	2043	717
名	2037	773
二	2036	836
記	2030	802
望	2013	954
幫	2008	847
屋	1994	268
體	1989	526
企	1983	75
利	1980	847
連	1979	1183
色	1976	917
反	1972	1283
直	1971	969
化	1967	607
口	1957	828
計	1948	494
始	1946	895
每	1931	1188
收	1929	1014
合	1927	981
至	1917	1462
朋	1902	1194
教	1902	976
份	1901	557
笑	1879	851
代	1868	747
令	1861	358
氣	1860	896
夠	1859	442
信	1846	729
馬	1827	1305
搞	1824	385
𡃉	1810	0
鍾	1794	36
班	1784	994
界	1768	564
表	1743	964
隊	1726	1278
跟	1719	1220
特	1710	761
號	1705	191
區	1698	494
黎	1690	1319
難	1682	1497
阿	1678	375
西	1674	2202
線	1664	664
天	1662	2967
件	1658	704
整	1656	1271
亦	1649	1
張	1639	762
接	1623	958
市	1615	338
式	1613	308
內	1587	536
士	1586	424
受	1579	1205
神	1575	968
轉	1570	586
差	1569	1014
半	1566	939
男	1544	1060
認	1527	1603
品	1527	451
樓	1513	913
金	1511	524
錯	1508	1225
改	1508	667
留	1508	643
低	1502	620
海	1499	299
業	1495	419
字	1493	658
白	1488	776
員	1480	602
提	1476	584
鐘	1475	432
囖	1473	0
類	1461	1048
左	1456	989
別	1451	1455
帶	1451	539
結	1439	636
司	1439	534
民	1436	383
齊	1432	160
東	1431	2119
活	1431	530
清	1429	979
早	1408	807
系	1406	154
需	1405	349
科	1404	320
架	1403	173
包	1401	724
角	1396	736
語	1393	592
基	1390	490
書	1389	593
靚	1388	81
網	1383	416
政	1376	402
保	1371	588
響	1363	360
量	1354	705
味	1348	377
哩	1348	69
回	1343	3589
近	1343	691
讀	1341	592
排	1338	544
除	1327	652
價	1321	622
資	1316	648
四	1314	407
程	1309	447
候	1303	953
選	1278	648
門	1277	581
寫	1262	549
請	1247	568
任	1245	1084
交	1240	510
站	1239	389
論	1238	695
病	1238	297
運	1231	649
超	1230	484
卡	1224	440
戲	1215	839
音	1212	406
愛	1210	758
萬	1208	447
耐	1207	130
片	1205	681
飛	1201	492
醫	1199	420
樂	1192	524
決	1189	520
師	1184	529
空	1180	429
五	1176	405
底	1171	492
花	1168	374
勁	1164	934
百	1159	354
眼	1157	583
驚	1156	199
黑	1154	786
晚	1150	567
廣	1147	357
考	1146	702
例	1146	309
拉	1144	374
畫	1143	698
傳	1142	459
另	1142	421
安	1136	585
腦	1132	406
斯	1132	399
狗	1121	951
圖	1120	452
非	1119	548
約	1117	408
山	1115	339
街	1114	332
套	1111	712
易	1111	563
料	1104	479
希	1100	605
南	1100	203
型	1096	387
指	1091	342
越	1090	534
設	1090	250
向	1085	513
產	1083	271
目	1082	403
被	1081	899
質	1074	420
容	1070	602
費	1068	436
制	1067	411
客	1064	362
根	1062	675
離	1057	468
假	1055	666
格	1055	544
立	1054	423
進	1053	1366
慢	1052	664
飲	1048	127
集	1046	631
聯	1045	455
建	1044	417
續	1040	478
賣	1038	439
拎	1036	67
服	1031	489
戰	1029	473
光	1019	369
失	1017	1245
視	1016	515
足	1012	661
達	1008	662
流	1007	353
囉	1007	0
首	1006	364
紅	999	417
野	982	772
姐	977	796
言	976	489
及	970	906
持	967	1313
總	967	742
爆	967	500
較	965	579
功	964	343
支	960	523
版	960	301
推	957	485
餐	957	255
強	955	631
思	950	765
雖	948	452
換	947	665
佬	946	329
統	946	149
風	942	358
賽	937	657
拍	926	279
肉	926	268
亞	922	176
精	921	310
報	914	593
淨	912	52
油	908	238
雞	903	418
傾	903	72
的	900	21557
尾	900	254
技	899	354
究	898	259
母	897	390
皮	894	218
北	894	143
店	893	307
造	890	363
華	888	338
處	885	454
登	885	379
輸	884	595
求	882	679
熱	880	356
從	871	859
演	871	430
千	870	274
節	869	296
刻	868	342
在	860	4675
飯	855	444
城	855	180
術	854	330
嗎	852	350
證	850	464
展	849	230
維	848	178
且	847	1415
段	846	533
龍	846	409
專	846	294
誒	845	9
步	837	433
晒	836	4
贏	828	626
款	827	232
酒	825	135
遠	821	1640
升	821	412
火	817	306
終	816	399
社	816	263
簡	814	353
牌	813	312
六	812	254
議	811	308
著	805	858
務	803	196
院	802	291
殺	800	525
歌	800	459
興	798	507
粒	795	394
何	792	1620
普	792	522
蚊	792	362
消	790	469
送	790	343
義	789	289
級	788	375
形	786	210
命	785	287
德	783	251
層	777	217
坐	775	386
既	770	590
準	770	493
各	770	159
舊	769	243
鐵	769	169
洲	765	168
必	762	874
廢	759	495
引	756	299
句	755	470
石	755	402
頂	754	301
元	753	182
觀	752	434
碼	751	313
軍	749	220
吖	749	0
共	748	268
垃	745	687
裝	744	348
古	743	195
攞	743	0
介	740	255
劇	736	514
府	735	270
環	735	220
圾	733	676
遊	731	460
素	731	181
陸	730	519
腳	730	407
八	729	247
優	729	169
況	728	324
灣	726	215
傷	724	474
親	723	301
禮	722	174
值	720	429
估	720	94
肯	719	420
九	719	174
牛	717	217
創	715	123
器	713	282
揀	712	14
魚	711	158
喀	707	0
季	705	472
深	705	290
治	705	152
故	702	428
止	701	162
牙	700	285
黃	698	267
限	697	243
繼	693	300
商	692	581
滿	692	431
組	690	290
奇	687	346
謝	687	264
息	685	241
養	684	275
調	684	187
驗	681	189
防	679	341
爭	679	296
媽	678	328
貨	674	349
王	673	235
麻	673	193
和	670	2551
預	670	275
粉	669	177
案	669	159
確	668	309
台	666	696
追	666	440
配	665	271
歷	665	261
研	665	89
肥	663	341
沙	663	204
嚹	663	0
習	662	517
標	662	207
效	659	166
踢	658	599
米	657	484
圍	657	263
臺	657	115
拜	656	374
歐	656	312
享	656	234
備	654	500
洗	653	347
校	651	244
貴	649	329
答	644	533
宜	644	288
權	642	188
態	640	316
減	640	235
皇	637	380
便	636	539
鬼	635	251
突	634	435
輕	634	291
跑	632	791
爾	628	109
源	626	240
壓	625	259
助	623	383
投	623	276
參	621	212
趣	620	396
夜	619	392
血	615	323
把	611	485
執	610	189
團	609	294
妹	607	437
州	607	54
照	606	845
際	606	196
哥	605	448
停	605	364
初	605	233
控	603	232
尼	600	145
怪	598	413
示	595	164
訓	593	444
啫	593	0
㗎	592	0
掂	590	0
補	588	304
煩	587	348
羅	587	207
旅	586	210
存	583	512
絕	583	312
歲	583	165
局	582	332
斷	580	558
吸	579	291
韓	577	316
製	573	184
供	573	100
境	572	203
婆	571	212
管	570	236
極	565	233
房	564	357
並	564	69
紀	563	211
彩	562	138
痛	559	304
取	557	512
林	557	117
揾	557	0
切	556	151
抽	555	924
唱	555	386
射	555	354
惠	555	41
印	554	211
菜	553	158
顯	550	304
右	547	328
翻	547	246
護	547	206
擺	546	260
絲	546	190
職	543	223
掌	542	57
告	540	286
模	540	127
哈	538	300
屬	538	131
攻	535	392
票	535	322
官	534	170
像	533	1564
舉	533	192
周	531	184
梗	529	1
獨	525	196
衫	525	106
篇	524	116
瞓	524	0
擊	522	380
速	522	230
導	522	208
蛋	522	137
竟	521	339
免	519	218
據	518	197
苦	516	287
蘭	515	93
園	514	111
討	512	358
適	511	222
紙	511	155
列	510	83
銀	506	148
番	505	339
隔	505	138
史	505	125
怕	504	814
置	503	161
哦	503	137
與	501	1233
豆	501	260
負	500	220
嘞	500	0
派	497	188
炒	496	253
育	495	142
克	495	132
順	494	329
嚇	494	122
朝	493	73
括	492	401
智	492	302
七	492	112
健	492	112
練	491	381
豬	488	260
景	488	128
領	486	332
茶	486	112
短	485	189
康	485	86
象	484	256
盡	480	151
衰	478	34
隨	477	269
室	475	113
課	474	326
覆	474	235
拖	474	208
眾	473	123
透	472	130
亂	471	226
熟	470	298
膠	467	188
是	466	27289
注	466	343
擇	465	269
藥	465	155
咋	465	129
居	460	171
乾	460	135
島	460	61
寶	457	339
着	457	105
富	456	120
髮	454	281
彈	454	192
營	453	89
具	452	156
聖	452	118
壞	450	407
警	449	297
福	449	181
木	449	78
扮	448	280
貼	447	243
燈	446	270
堂	444	79
劃	444	50
險	443	207
辦	440	455
冷	440	279
吹	440	276
救	440	263
奶	440	185
增	440	106
楚	439	527
拿	439	409
藝	439	164
復	438	444
甚	438	281
掛	438	248
編	438	58
青	437	189
毒	436	165
率	436	140
濟	435	118
館	435	90
裏	434	43
迷	433	295
雙	433	249
醒	433	177
燒	431	195
修	431	167
綫	431	0
某	430	270
嘛	429	473
守	429	333
靠	427	325
辛	426	247
破	426	230
遲	426	165
土	426	158
搭	426	108
規	425	186
謂	423	224
訊	423	61
抵	421	30
里	420	49
訂	418	195
乎	417	937
毛	417	166
念	415	260
愈	415	231
婚	414	150
嗯	414	0
杯	413	199
律	413	130
甜	411	115
澳	410	104
跳	407	211
朗	407	187
貓	406	270
申	405	231
擔	405	176
密	404	98
查	403	1510
硬	401	209
屎	401	151
材	400	112
章	398	109
曾	397	340
概	397	87
此	396	350
膚	394	93
盤	392	213
激	392	169
評	391	238
症	390	70
唯	389	209
願	388	169
煮	388	117
稱	387	206
釋	385	265
鮮	385	58
充	384	172
簽	384	163
構	384	57
樹	383	55
威	382	142
夾	382	80
布	381	163
骨	381	102
害	379	263
靜	378	223
聞	377	153
博	376	100
酸	375	73
退	373	247
永	373	182
錄	373	102
私	372	190
歡	371	1109
甲	371	231
航	371	45
跌	370	260
袋	370	125
奧	370	108
狀	369	92
粵	369	72
般	367	2852
療	365	60
測	364	72
衝	362	199
塊	362	189
輪	362	133
雲	361	214
鏡	360	176
嘩	360	49
賺	359	188
陽	359	53
零	358	121
積	357	99
嚴	356	158
譬	356	1
溝	355	247
典	355	75
善	353	128
京	353	85
播	352	150
抗	351	122
偷	350	317
散	350	194
獎	350	117
敢	349	340
紹	348	122
軟	347	93
撞	346	184
咖	343	61
勢	340	245
急	340	149
漢	340	140
李	338	80
嬲	338	0
兒	337	2563
附	336	122
折	336	90
倒	335	372
曲	334	131
股	333	212
湯	333	45
廿	333	0
責	332	212
炸	331	144
琴	331	13
遇	329	168
微	329	89
喜	328	1126
致	327	65
慘	326	196
降	326	131
爸	324	107
濕	324	89
喊	322	115
宣	322	93
迎	322	76
搶	321	198
途	321	120
詞	320	413
冠	320	148
幕	319	120
舒	319	113
互	319	85
糖	319	51
距	318	109
河	318	68
批	317	211
了	316	13456
汁	316	69
鬆	315	132
借	312	133
往	311	551
忍	311	300
父	311	120
佈	311	45
犯	310	199
族	310	115
雜	310	88
剩	310	57
伯	309	104
儲	309	62
按	308	93
譯	308	43
嫁	307	247
弱	306	222
純	306	188
暗	305	198
閒	304	106
泰	302	92
慣	301	183
封	301	116
堆	300	219
耳	300	137
拼	298	81
藍	297	114
複	297	60
廳	296	107
帝	295	91
辣	294	36
恐	293	140
塞	293	122
針	293	92
承	293	85
背	291	228
捉	291	210
疑	291	154
庭	290	305
棄	290	287
靈	290	139
綠	290	111
座	290	111
板	289	87
施	289	68
雪	289	61
添	289	19
呃	288	0
浪	286	163
鋪	286	85
堅	285	444
刺	285	116
爺	284	221
招	283	168
疫	283	32
武	282	150
移	282	119
田	282	100
村	282	99
草	282	84
鬱	282	72
尋	281	927
夢	281	136
舞	281	105
屈	281	101
獲	281	91
億	281	55
察	280	158
露	280	134
伊	280	53
努	279	165
串	279	139
租	279	107
項	279	50
淡	278	135
縣	278	8
異	277	120
鬥	276	173
筆	276	130
洋	276	65
啡	276	51
衣	274	290
寧	274	131
慮	273	123
倫	273	64
鬧	272	114
傻	271	244
肌	271	72
陳	271	65
騎	269	241
待	269	238
憶	269	206
購	269	123
農	269	60
域	269	30
穩	268	173
避	268	144
觸	268	123
頁	268	72
黐	268	0
迪	267	156
危	267	70
植	267	12
窮	266	226
賓	266	111
輯	266	99
納	266	61
爛	265	132
揸	265	0
漫	262	150
曬	262	68
禁	261	140
雷	260	170
喂	260	47
迫	259	222
偏	259	149
刷	258	157
阻	257	112
抑	257	73
幅	256	47
則	255	1012
蘇	255	62
織	255	36
勝	254	335
顧	254	262
陪	254	197
尊	253	173
插	253	144
船	253	106
江	253	27
索	252	301
秒	252	159
缺	252	119
仍	251	2148
築	251	70
階	250	96
狂	249	300
忽	249	111
碟	249	99
苗	249	19
敗	248	584
曼	248	114
畢	247	95
臨	247	86
胞	247	15
肚	246	87
幸	245	320
春	245	100
澄	243	209
沖	243	96
甩	243	78
休	242	124
廠	241	111
監	241	92
餘	241	74
援	241	50
益	240	232
探	240	51
液	240	34
攝	239	67
凍	238	30
叔	237	207
宇	237	141
惡	237	114
摩	237	114
賞	236	253
暫	236	154
略	236	100
冬	236	29
雨	235	94
宗	234	76
額	234	70
兄	233	968
咬	233	171
𠺢	233	0
還	232	2660
淘	232	196
仁	232	108
震	232	76
醬	232	38
豐	232	37
歸	231	79
褲	230	101
餅	230	92
範	230	66
宮	230	40
檔	229	147
膽	228	150
省	228	94
叻	228	3
煙	227	83
童	227	55
倍	226	112
潔	226	97
戴	225	89
懷	224	161
罪	224	149
暴	224	89
糕	223	32
悔	222	93
葉	222	44
屆	222	24
搬	221	117
弟	220	1021
灰	220	108
唉	220	106
圈	219	118
鞋	219	55
陰	218	119
誤	218	111
豪	218	107
擁	218	36
幻	217	222
雄	217	140
祖	217	120
蟲	217	91
滑	217	49
惜	216	153
填	216	110
麥	216	58
志	215	82
嘉	215	76
絡	215	51
賭	214	233
判	213	199
勞	213	112
夏	213	82
逼	212	124
付	211	301
丁	211	97
敏	211	93
悶	210	167
操	210	90
乘	210	60
須	210	19
剪	209	104
含	209	85
吓	207	0
欣	206	120
衡	206	120
爽	206	83
冰	206	79
塔	206	50
濃	206	33
睡	205	253
岩	205	179
奴	205	114
粗	204	94
亡	204	75
吉	203	69
橋	203	53
嘈	203	14
偈	203	0
良	202	100
掉	201	253
緒	201	100
祝	201	82
踩	201	64
財	200	91
芝	200	8
午	199	102
染	199	48
朱	199	23
械	199	11
臭	198	136
魔	198	109
滅	197	103
挑	197	81
烏	197	79
協	197	79
鎖	197	78
佳	197	58
策	197	45
刀	196	144
奏	196	126
競	196	91
眠	196	39
啤	196	16
煲	196	2
盃	195	34
潮	194	71
黨	194	38
呼	193	95
均	193	72
逐	193	70
妝	192	95
熊	192	91
翼	192	57
盟	192	54
鄉	192	49
脆	192	23
縮	191	106
顏	191	102
穿	190	220
符	190	32
鎮	190	18
儀	189	269
懶	188	132
珠	188	58
蓋	187	79
殘	186	89
瓜	186	83
佐	186	61
紋	186	61
舖	186	1
趕	185	149
佔	185	82
盒	185	65
牆	185	48
障	184	98
侵	184	94
仙	184	83
恩	184	64
森	184	22
售	183	126
噴	183	75
核	183	39
嘗	183	35
廁	182	113
遺	182	76
檢	182	61
宙	181	121
端	181	44
谷	181	25
麗	180	150
秘	180	41
氧	180	23
困	179	125
伏	179	89
圓	179	83
副	179	69
頻	178	87
荷	178	39
襯	178	22
蝗	177	174
績	177	86
旗	177	37
紐	177	23
採	177	13
腸	176	61
束	176	57
甘	176	44
延	176	37
魯	176	36
憎	176	25
痴	176	0
慳	176	0
霸	175	133
閃	175	80
巨	175	80
旺	175	74
鍵	175	47
誕	175	32
鼓	174	54
席	174	39
委	174	34
掃	173	65
碳	173	3
才	172	3071
渣	172	101
潛	172	74
槍	171	95
汗	171	68
固	170	44
賤	169	157
閘	169	130
涼	168	56
兼	168	19
忙	167	237
融	167	31
撐	166	86
厚	166	52
浸	166	12
慶	165	70
拆	165	70
尤	165	46
讓	164	652
兵	164	87
梅	164	65
紫	164	53
尖	164	52
蝦	164	39
擴	164	26
勇	163	111
讚	163	88
偉	163	84
碎	163	55
週	163	8
頓	162	80
側	162	54
郵	162	43
岸	162	32
薯	162	11
們	161	4627
俄	161	71
佛	161	59
革	161	23
楔	161	0
戀	160	132
郁	160	88
寄	160	47
泥	159	50
雅	159	32
媒	159	25
曆	159	2
妳	159	0
傅	157	95
隱	157	83
損	157	53
抄	156	61
盛	156	49
贈	156	43
蛛	156	25
癌	156	12
噶	156	0
巧	155	106
盾	154	100
瘦	154	80
珍	154	72
虛	154	66
序	154	50
蜂	154	10
賴	153	97
遮	153	48
述	153	26
載	153	26
旋	153	21
諾	152	71
泡	152	66
許	150	435
替	150	161
幣	150	57
伴	150	42
嗱	150	0
否	149	1211
爐	149	66
鼠	149	65
羊	148	41
癲	148	1
箱	147	79
攪	147	64
胃	147	52
橫	147	48
痕	147	20
婦	146	73
漏	146	67
尿	146	57
洛	146	33
夫	145	176
盲	145	70
署	145	66
瘋	144	290
幼	144	137
沉	144	73
訪	144	71
糧	144	57
藏	143	78
析	143	60
薄	143	42
菌	143	25
鼻	142	86
辭	142	76
坡	142	56
蜘	142	25
疾	142	13
久	141	504
蛇	141	93
混	141	88
扣	141	56
烈	141	49
墨	141	35
攰	141	0
闆	140	78
坦	140	66
斬	140	20
緣	139	80
湖	139	30
莫	138	60
枝	138	47
櫃	138	43
伸	137	67
貝	137	44
貪	137	44
雀	137	26
患	137	19
診	136	103
榮	136	63
秋	136	42
劑	136	31
泊	136	24
聚	135	67
握	135	47
飾	135	26
磨	134	67
唐	134	9
嗌	134	0
粹	133	80
映	133	58
乳	133	44
蝕	132	67
描	132	37
督	132	20
看	131	8635
晶	131	96
勵	131	53
堡	131	42
飽	130	93
錫	130	82
覽	130	66
戒	130	54
奮	130	41
詳	130	36
譜	130	22
邦	129	45
鹹	129	43
扭	128	111
訴	128	66
駁	128	60
揮	128	55
丹	128	40
撈	128	24
尷	127	84
遍	127	56
叉	127	42
茄	127	11
摺	127	1
碌	126	79
慧	125	65
默	125	55
耶	125	27
丫	124	110
嘴	124	65
廚	124	45
吳	124	39
審	124	37
怖	123	80
帽	123	72
暖	123	31
敦	123	13
敵	122	80
碗	122	67
癮	122	37
柔	122	31
拒	121	77
誠	121	66
籃	121	47
娛	121	37
頸	121	28
哎	121	5
鑊	121	0
也	120	1525
剛	120	1068
薪	120	88
脂	120	24
註	120	12
魂	119	82
砌	119	55
駛	119	44
詩	119	37
宿	119	33
繁	119	25
咦	119	12
犀	119	7
玻	118	52
授	118	45
秀	118	34
劉	118	31
潤	118	28
埔	118	14
捱	118	3
抱	117	146
尬	117	85
艾	117	43
徑	117	27
焗	117	2
駕	116	81
嫌	116	78
滋	116	34
赤	116	30
菲	116	29
枱	116	0
醜	115	81
罩	115	35
污	115	31
銷	115	27
央	115	20
遞	115	18
瑞	115	18
勻	115	6
摸	114	73
腫	114	48
澤	114	46
窗	114	41
坑	114	39
柱	114	29
兜	114	14
綜	113	74
閉	113	65
泉	113	30
若	113	22
啖	113	0
聊	112	304
娘	112	88
抹	112	29
誌	112	11
群	111	203
徵	111	65
貢	111	54
徒	111	47
池	111	33
殖	111	29
蜜	111	8
胸	110	137
狼	110	98
捧	110	89
邏	110	81
鹽	110	12
培	109	45
鵝	109	31
屯	109	30
裁	108	139
搏	108	49
累	107	152
薦	107	103
臘	107	54
膏	107	47
埃	107	24
隧	107	19
葡	107	17
跡	107	14
幹	106	130
厭	106	118
氛	106	50
荃	106	32
忘	105	210
汽	105	92
疤	105	89
貌	105	51
洞	105	38
軌	105	32
券	105	26
毫	105	24
蒙	105	21
氏	104	18
鋒	103	99
仇	103	88
餓	103	51
獻	103	50
末	103	44
罐	103	35
鴨	103	30
椒	103	5
孔	102	77
誇	102	59
憑	102	54
脾	102	53
虎	102	48
棍	102	44
熄	102	37
勤	102	24
找	101	351
聰	101	112
裂	101	65
扯	101	63
璃	101	41
渡	101	34
臟	101	20
搽	100	46
楊	100	41
脅	100	38
鳥	100	37
繫	100	32
唧	100	2
貧	99	109
拳	99	81
賊	99	63
擾	99	33
梯	99	27
竹	99	23
炎	99	15
址	99	15
輝	98	61
川	98	38
柏	98	37
截	98	27
蟹	98	24
荒	98	19
逃	97	73
俠	97	60
帳	97	50
炮	97	38
浮	97	28
湧	97	25
煎	97	25
銅	97	21
偶	96	179
晨	96	43
焦	96	24
迴	96	23
齡	96	17
賠	95	74
矮	95	49
旁	95	48
囡	95	38
毀	95	34
錦	95	22
梳	95	16
嘔	94	61
罰	93	49
鑽	93	48
倉	93	46
杜	93	38
咀	93	26
腐	93	23
沿	93	15
齒	93	9
齋	93	9
呎	93	0
這	92	13829
孫	92	35
餸	92	0
咳	91	66
吊	91	59
淺	91	38
籠	91	32
鋼	91	30
恆	91	22
壽	91	21
庫	91	9
壇	90	50
腰	90	46
債	90	26
膜	90	19
塘	90	17
籌	90	12
卜	90	8
蠢	89	88
爬	89	46
蘿	89	38
游	89	25
灘	89	24
溶	89	19
棟	89	17
冊	89	17
撳	89	0
尺	88	44
斜	88	34
蹤	88	28
泛	88	15
嫩	88	8
籍	87	36
懼	87	16
晏	87	0
腿	86	72
卷	86	69
藉	86	60
塑	86	40
揭	86	37
暑	86	35
鯨	86	20
萄	86	19
擬	86	15
廈	86	15
闊	86	6
亮	85	252
胡	85	81
礙	85	61
乖	85	49
賢	85	48
傑	85	43
凡	85	43
姓	85	27
忌	85	18
薩	85	18
殊	85	17
塵	84	36
橙	84	35
漠	84	19
隆	84	11
肺	84	8
滯	84	5
怨	83	71
淫	83	61
裙	83	31
莊	83	31
筒	83	25
漸	83	18
磁	83	8
攬	83	4
晝	83	1
哨	82	80
捕	82	62
箭	82	51
侶	82	35
惑	82	34
君	82	28
柴	82	20
滾	82	18
扒	82	7
瞭	82	3
獸	81	58
丸	81	52
醉	81	41
捐	81	29
寵	81	27
喉	81	15
匙	81	10
纖	81	8
咸	81	2
樽	81	0
些	80	9358
勒	80	45
劍	80	42
趁	80	37
憲	80	32
壯	80	32
蘋	80	24
悉	80	24
廉	80	16
屍	79	55
踏	79	45
松	79	26
蓮	79	14
証	79	0
吔	79	0
沒	78	6335
冒	78	86
慾	78	51
奉	78	34
阪	78	31
淋	78	20
窿	78	8
祈	78	7
臉	77	187
占	77	62
吾	77	49
龜	77	41
櫻	77	34
燃	77	33
磅	77	33
萊	77	30
杏	77	27
緩	77	26
燥	77	25
蒸	77	8
奪	76	69
奈	76	56
悲	76	48
抖	76	47
滴	76	41
桶	76	33
晉	76	29
鍋	76	28
唇	76	18
桃	76	17
莎	76	15
檸	76	9
瑪	76	3
轄	76	0
邨	76	0
胖	75	76
孤	75	32
梨	75	16
很	74	5054
捨	74	50
凌	74	46
鄭	74	29
獵	74	28
猶	74	15
坊	74	11
菇	74	5
貸	74	4
冧	74	0
寬	73	29
袖	73	11
尚	72	308
忠	72	69
豹	72	65
獄	72	51
巾	72	35
哲	72	22
篤	72	5
姦	71	54
暈	71	42
佩	71	28
鏈	71	23
籤	71	16
刪	71	15
匯	71	12
腩	71	3
笠	71	1
拌	71	0
𠻹	71	0
談	70	129
歉	70	89
陷	70	53
贊	70	48
烤	70	47
玉	70	38
鹿	70	36
吧	70	35
襲	70	24
曉	70	22
玫	70	8
螢	70	5
恥	69	58
干	69	41
牲	69	38
瘡	69	32
災	69	19
僅	68	123
謀	68	99
擋	68	69
吞	68	22
糟	68	13
塗	68	13
蒂	68	11
輔	68	8
瑰	68	8
促	68	8
后	68	6
蔬	68	4
腺	68	4
孩	67	658
賬	67	56
宅	67	39
歧	67	38
妙	67	27
屙	67	14
嘥	67	0
井	66	29
刑	66	28
疊	66	23
兇	66	22
貿	66	20
蒜	66	14
昌	66	7
駐	66	5
仆	66	2
氹	66	0
畜	65	24
循	65	19
掘	65	16
撒	65	11
臣	65	10
囊	65	8
渠	65	7
檬	65	7
緻	65	6
給	64	1244
慰	64	70
托	64	47
匹	64	42
餵	64	42
拋	64	37
筋	64	27
崩	64	24
昆	64	22
榜	64	22
肝	64	17
邀	64	13
削	64	13
蓉	64	7
董	63	73
輩	63	67
棒	63	53
卑	63	33
逆	63	31
契	63	16
稿	63	16
磚	63	15
椰	63	11
捷	63	8
凱	63	6
憐	62	79
軒	62	43
妻	62	42
戚	62	37
浦	62	33
乞	62	28
邪	62	25
耗	62	18
巡	62	16
卻	62	8
殼	62	7
昂	62	4
拗	62	3
巖	62	0
詢	61	226
姑	61	52
諒	61	38
矛	61	26
綁	61	25
喪	61	22
俗	61	19
霧	61	17
黏	61	8
擎	61	8
唸	60	128
欺	60	81
礎	60	46
敬	60	30
莉	60	19
津	60	17
珊	60	10
它	59	627
菠	59	31
割	59	25
墊	59	24
逢	59	21
嘆	59	15
韻	59	9
綿	59	7
棉	59	3
鄰	58	149
扔	58	70
彎	58	47
裸	58	42
吐	58	31
攤	58	23
隸	58	20
椅	58	17
芬	58	9
遙	58	9
漿	58	9
咯	57	799
慕	57	46
羞	57	43
咒	57	43
鳴	57	42
腎	57	29
窄	57	26
疏	57	22
驟	57	20
葵	57	17
圳	57	17
欄	57	13
振	57	13
埗	57	12
瘤	57	10
爵	57	10
脊	57	10
礦	57	8
併	57	5
匿	57	2
孕	56	46
啪	56	41
淚	56	31
恭	56	25
蕉	56	21
躍	56	20
陌	56	20
錶	56	20
撩	56	5
崗	56	4
冚	56	0
那	55	8716
轟	55	45
偽	55	39
寒	55	29
猩	55	25
扎	55	20
寸	55	19
糊	55	14
恰	55	14
鑼	55	9
閣	55	7
甸	55	2
嫲	55	0
嚿	55	0
恢	54	266
姊	54	89
劣	54	32
惹	54	24
脹	54	22
騰	54	19
仗	54	18
催	54	17
晰	54	17
岡	54	15
粥	54	11
壁	54	11
薑	54	7
閂	54	2
艙	54	0
屁	53	106
搖	53	32
湊	53	26
晴	53	10
旦	53	7
呈	53	5
屠	52	48
徹	52	46
帥	52	45
犧	52	33
盔	52	24
召	52	22
繞	52	20
羽	52	17
謬	52	13
僱	52	11
脈	52	10
泳	52	8
杉	52	4
俊	51	352
漂	51	234
犬	51	44
撕	51	34
遷	51	27
遜	51	26
兔	51	22
涉	51	22
窩	51	21
劫	51	17
牧	51	13
憂	51	13
肪	51	10
拔	51	10
凸	51	6
竇	51	1
妨	50	36
稀	50	33
胎	50	27
穎	50	22
乙	50	20
撼	50	18
娜	50	15
屏	50	15
筷	50	14
醋	50	12
姆	50	11
柯	50	10
辨	50	9
繪	50	9
廊	50	6
醇	50	6
粟	50	4
掣	50	0
掟	50	0
尻	49	48
違	49	34
撲	49	26
虹	49	25
懸	49	19
貫	49	18
臂	49	17
剝	49	15
乏	49	11
拯	49	11
雕	49	10
訝	49	9
鬚	49	4
荔	49	0
氨	49	0
騙	48	200
恨	48	87
跨	48	25
謙	48	23
艦	48	22
賀	48	21
芒	48	16
螺	48	12
郭	48	12
彼	48	8
芽	48	8
瓦	48	7
浴	48	6
郡	48	5
鴉	48	5
嶺	48	4
桂	48	2
弗	48	2
檯	48	1
熒	48	1
胰	48	0
籬	48	0
託	47	75
惱	47	55
驅	47	21
姿	47	20
仿	47	19
芯	47	16
祥	47	16
騷	47	14
暢	47	11
翠	47	5
醃	47	3
衞	47	0
欠	46	66
辱	46	43
眉	46	20
崇	46	19
舍	46	19
辯	46	19
沈	46	17
滲	46	17
猛	46	13
喱	46	10
役	46	10
穌	46	8
芳	46	8
盈	46	6
姻	46	5
茲	46	1
痾	46	0
怡	46	0
嬰	45	165
搜	45	98
呆	45	32
揚	45	22
鄧	45	19
浩	45	12
郊	45	12
缸	45	12
腔	45	12
鳳	45	11
廷	45	7
喬	45	6
詹	45	4
蠔	45	2
釐	45	1
喻	44	67
溜	44	42
禾	44	30
耀	44	29
袁	44	26
蔡	44	23
砂	44	22
灑	44	19
秦	44	16
頒	44	10
准	44	10
偵	44	8
棵	44	5
荊	44	4
韌	44	2
藩	44	1
凈	44	0
响	44	0
孝	43	30
斤	43	17
玄	43	16
縱	43	15
旨	43	13
桑	43	11
仰	43	9
予	42	414
勉	42	48
棚	42	34
汰	42	32
菊	42	22
框	42	17
繩	42	15
斑	42	11
呵	42	5
伐	42	2
陵	42	1
啩	42	0
褸	42	0
妥	41	33
戈	41	18
瑜	41	18
勾	41	9
蹈	41	6
膩	41	6
洪	41	5
刊	41	3
欖	41	3
酵	41	2
龐	41	1
鯊	41	0
擦	40	35
凝	40	32
琳	40	23
糾	40	20
獅	40	10
呂	40	9
燕	40	9
碧	40	7
嘿	40	6
措	40	6
巢	40	5
艇	40	5
寺	40	5
諸	39	59
裔	39	11
罕	39	9
夥	39	3
恒	39	0
稍	38	89
吠	38	35
淆	38	34
鷹	38	29
抬	38	21
曹	38	18
劈	38	16
敷	38	16
譚	38	13
嶼	38	8
廟	38	7
軸	38	4
撻	38	3
肢	38	2
劏	38	0
噏	38	0
豉	38	0
睛	37	71
疲	37	46
巫	37	36
碰	37	26
喚	37	24
稚	37	22
哇	37	18
慈	37	15
猴	37	11
殿	37	10
伍	37	10
枕	37	10
禦	37	7
販	37	6
鰻	37	4
帕	37	2
妮	37	2
氫	37	0
卸	36	26
鞭	36	22
鍊	36	21
挨	36	20
祭	36	18
棋	36	17
爪	36	16
誘	36	14
葛	36	13
渴	36	13
鮑	36	9
紛	36	8
皆	36	7
霜	36	7
卵	36	6
徐	36	6
蕾	36	5
陶	36	5
鶴	36	3
慌	36	3
澱	36	3
酥	36	2
剷	36	0
穆	36	0
嘍	36	0
脷	36	0
什	35	6395
捲	35	268
抓	35	173
牽	35	60
掩	35	35
悟	35	25
翁	35	21
漲	35	21
愉	35	20
潰	35	18
癒	35	13
剔	35	12
嚮	35	9
呻	35	7
墟	35	5
凹	35	5
擰	35	4
弊	35	3
歎	35	2
瀏	35	1
拾	34	69
腹	34	40
娶	34	27
笨	34	25
掙	34	23
侍	34	20
傲	34	20
腥	34	19
飄	34	15
宵	34	14
寨	34	12
盧	34	10
兆	34	9
濾	34	8
彌	34	8
沽	34	7
琪	34	4
蔔	34	4
𠺝	34	0
沃	34	0
怒	33	295
罵	33	117
狠	33	31
弓	33	24
疹	33	22
霆	33	20
蟻	33	17
啞	33	17
儘	33	14
蝠	33	13
噪	33	11
柳	33	11
濫	33	10
夕	33	10
襟	33	8
磡	33	7
緬	33	6
瞬	33	6
燭	33	5
于	33	4
餡	33	3
匈	33	0
戇	33	0
瀨	33	0
憤	32	226
罷	32	68
朵	32	37
奸	32	27
矩	32	27
梁	32	25
摘	32	20
盜	32	18
遭	32	18
憾	32	16
蹟	32	14
貞	32	14
扇	32	14
袍	32	13
趨	32	10
苑	32	8
譽	32	6
耕	32	4
坪	32	3
膊	32	3
瑚	32	3
釀	32	2
諮	32	0
杰	32	0
桌	31	56
厲	31	39
勸	31	34
廂	31	31
斧	31	22
辜	31	22
寂	31	21
囝	31	20
虐	31	20
扶	31	16
襪	31	14
釘	31	14
誓	31	13
藤	31	11
紗	31	11
涯	31	11
魅	31	10
凳	31	10
咕	31	9
墮	31	9
餃	31	6
姨	31	6
您	31	3
濱	31	3
咭	31	0
鎚	31	0
爹	30	53
幽	30	23
潘	30	21
迅	30	20
纏	30	20
誼	30	19
鏟	30	17
匪	30	14
征	30	13
韋	30	11
玲	30	11
紮	30	11
卒	30	9
輻	30	6
峰	30	6
摧	30	6
窟	30	5
霍	30	5
漁	30	4
腍	30	0
蕃	30	0
魷	30	0
跪	29	20
墳	29	17
煉	29	12
諷	29	10
儒	29	8
頹	29	7
炭	29	7
遵	29	7
勿	29	4
肅	29	3
篩	29	3
芭	29	2
胺	29	1
籽	29	0
吋	29	0
娃	28	71
丟	28	71
擅	28	55
禍	28	35
啵	28	25
償	28	24
挖	28	17
侯	28	13
蝙	28	13
釣	28	12
扁	28	10
蠟	28	9
斥	28	8
筍	28	7
蝶	28	7
撫	28	6
逸	28	5
撤	28	4
丙	28	4
肆	28	3
笪	28	0
肖	28	0
摞	28	0
擠	27	36
羨	27	20
鞍	27	17
涵	27	16
淑	27	15
叛	27	14
漆	27	12
奢	27	9
莓	27	8
謹	27	7
嚨	27	6
昇	27	6
盆	27	6
蒲	27	4
壤	27	4
簿	27	4
榴	27	4
峽	27	2
赫	27	2
髓	27	2
韶	27	1
孟	27	1
捽	27	0
噢	27	0
肩	26	26
詛	26	19
蓄	26	18
卦	26	16
灌	26	15
碩	26	12
芋	26	10
哀	26	9
蕩	26	9
馮	26	8
酬	26	7
槽	26	7
艱	26	5
聆	26	5
橄	26	3
汕	26	2
痘	26	2
磯	26	1
穀	26	1
梭	26	1
噸	26	0
円	26	0
轆	26	0
跣	26	0
孖	26	0
拐	25	30
瓏	25	24
坤	25	22
欲	25	19
瀉	25	15
悠	25	14
彭	25	11
押	25	11
彥	25	9
諧	25	7
眨	25	4
婷	25	3
橡	25	3
鼎	25	2
抆	25	0
逗	24	47
郎	24	32
杖	24	21
侮	24	19
狐	24	15
噓	24	14
叮	24	13
懲	24	13
舟	24	11
勃	24	9
彙	24	7
巷	24	7
詠	24	7
泵	24	6
刨	24	6
挪	24	5
攜	24	5
陀	24	5
盞	24	4
飢	24	3
宋	24	3
欽	24	2
棕	24	1
丘	24	1
滷	24	1
櫈	24	0
癥	24	0
鈣	24	0
賦	23	29
酷	23	28
佑	23	21
帖	23	12
箍	23	11
鑑	23	11
搓	23	9
拓	23	9
鈴	23	9
崖	23	8
卓	23	7
椎	23	6
鉛	23	5
穴	23	5
豚	23	5
纜	23	4
鋁	23	4
斗	23	3
亨	23	3
糯	23	2
拱	23	2
絨	23	1
溯	23	1
撚	23	0
嘟	23	0
丼	23	0
騮	23	0
棲	23	0
嗲	23	0
軚	23	0
齣	23	0
喝	22	229
弄	22	54
皺	22	33
瓶	22	24
吻	22	24
蝻	22	22
寞	22	20
狙	22	18
寡	22	16
饋	22	13
耍	22	11
僻	22	10
宏	22	9
采	22	6
茂	22	3
攀	22	2
曱	22	2
瓷	22	1
孭	22	0
搣	22	0
呷	22	0
閨	22	0
傢	21	301
撥	21	48
俱	21	40
趾	21	15
檻	21	15
挽	21	15
葬	21	14
躁	21	12
庸	21	8
裕	21	6
踐	21	6
瓣	21	5
疇	21	4
糰	21	4
謎	21	4
綱	21	3
帆	21	2
禱	21	2
亭	21	2
嵌	21	1
燶	21	0
倩	21	0
札	21	0
揼	21	0
恤	21	0
昨	20	321
丈	20	62
輛	20	30
蠻	20	25
宴	20	21
岑	20	16
丑	20	15
沫	20	12
趙	20	11
馳	20	10
癡	20	10
顛	20	9
姬	20	8
豫	20	8
堤	20	8
曝	20	7
茅	20	7
蕭	20	7
睹	20	6
倦	20	5
撇	20	5
芙	20	3
聘	20	3
癖	20	3
駭	20	2
霖	20	2
琉	20	2
烹	20	2
柚	20	2
楓	20	2
垂	20	2
柬	20	1
逾	20	1
粘	20	1
溪	20	1
泌	20	0
硫	20	0
摷	20	0
貶	19	27
翅	19	22
歪	19	18
歇	19	17
楠	19	16
繳	19	14
衷	19	13
縫	19	12
奔	19	12
剃	19	10
慨	19	10
諜	19	10
壟	19	10
嬌	19	9
銘	19	8
萌	19	7
厄	19	6
允	19	5
賜	19	4
禧	19	4
馨	19	4
蝴	19	3
墜	19	3
邁	19	2
煤	19	2
伺	19	1
酋	19	1
徽	19	1
瀑	19	1
棠	19	0
唓	19	0
唥	19	0
胚	19	0
熙	19	0
嘎	19	0
鳩	19	0
茸	19	0
槤	19	0
㖭	19	0
呔	19	0
麼	18	8681
砍	18	70
癢	18	39
莖	18	32
烘	18	21
曖	18	18
叭	18	14
嬸	18	11
墓	18	10
膝	18	8
酪	18	8
侏	18	8
昏	18	7
漬	18	6
崎	18	6
慎	18	5
顆	18	5
瀕	18	5
頗	18	5
蔣	18	5
茫	18	5
枯	18	5
褪	18	4
瑕	18	4
遼	18	4
撬	18	4
飼	18	1
瀝	18	1
茨	18	1
甴	18	1
哺	18	0
喐	18	0
旬	18	0
舐	18	0
炆	18	0
吃	17	624
猜	17	269
泄	17	65
禿	17	36
錘	17	32
刮	17	25
晤	17	13
牢	17	10
睬	17	9
侈	17	8
鴿	17	7
毅	17	6
幢	17	6
碑	17	5
笛	17	5
僧	17	3
弦	17	3
薈	17	2
倡	17	2
蔚	17	2
裹	17	2
魏	17	2
樞	17	1
傍	17	1
窒	17	1
芫	17	1
逝	17	1
毋	17	0
伽	17	0
屌	17	0
旱	17	0
樺	17	0
沸	17	0
唞	17	0
哭	16	182
糞	16	84
舌	16	20
倚	16	15
沾	16	15
涌	16	13
嗚	16	13
余	16	12
闖	16	10
敲	16	10
淪	16	8
叢	16	8
嘻	16	8
肋	16	7
披	16	7
霞	16	6
僵	16	6
挫	16	6
壺	16	5
蝸	16	5
甫	16	5
蓬	16	4
猿	16	4
繹	16	4
募	16	3
奕	16	3
蘆	16	3
掠	16	3
寓	16	2
蔭	16	2
冥	16	2
嘯	16	1
棘	16	1
勳	16	1
鐳	16	0
箇	16	0
氯	16	0
麟	16	0
厹	16	0
頃	16	0
骼	16	0
扤	16	0
蘑	16	0
禺	16	0
伙	15	334
挺	15	75
蹄	15	35
冤	15	23
厘	15	21
豎	15	14
昧	15	14
呱	15	11
抒	15	10
絮	15	10
妖	15	9
娟	15	9
擒	15	8
煞	15	8
哄	15	8
穫	15	8
塌	15	8
焚	15	8
庇	15	8
緋	15	7
汶	15	7
潑	15	7
馴	15	7
鱲	15	7
囂	15	7
拘	15	6
柄	15	6
楂	15	5
疆	15	5
翰	15	4
喳	15	4
閩	15	4
匠	15	3
佣	15	3
腕	15	3
鎊	15	2
梵	15	2
摔	15	2
弧	15	1
蔽	15	1
榨	15	1
曳	15	1
株	15	0
烷	15	0
皓	15	0
茜	15	0
温	15	0
咓	15	0
髀	15	0
雯	15	0
矽	15	0
艘	15	0
乸	15	0
掹	15	0
宰	14	35
鬍	14	24
堵	14	19
喘	14	13
妓	14	13
肛	14	12
堪	14	12
鉗	14	12
懦	14	11
嗡	14	9
僕	14	8
捍	14	6
吱	14	6
蠱	14	6
嚕	14	5
痰	14	4
蠅	14	4
揪	14	4
靖	14	4
墅	14	4
媚	14	4
乃	14	3
繡	14	3
蠶	14	3
夷	14	2
婉	14	2
淵	14	2
閑	14	1
籲	14	1
瓊	14	1
鹼	14	1
燉	14	1
鯉	14	1
柒	14	0
噚	14	0
唪	14	0
喼	14	0
啜	14	0
鎂	14	0
揹	14	0
釉	14	0
隋	14	0
誰	13	157
枉	13	38
趴	13	34
傭	13	20
蛙	13	15
攔	13	15
凶	13	14
竭	13	11
嫂	13	11
疚	13	9
剎	13	9
妄	13	7
琦	13	7
狹	13	7
燙	13	7
茵	13	6
弘	13	6
膨	13	6
樑	13	6
衍	13	5
頑	13	5
鋸	13	5
淒	13	4
愧	13	4
翔	13	4
熔	13	4
唏	13	4
卿	13	4
頌	13	3
銜	13	2
履	13	2
雌	13	2
潭	13	2
颱	13	2
顎	13	2
膳	13	2
藕	13	1
荽	13	1
釜	13	1
狄	13	1
萃	13	1
嗜	13	1
鈉	13	1
𠿪	13	0
踭	13	0
揦	13	0
隕	13	0
㩒	13	0
昭	13	0
徙	13	0
函	13	0
躉	13	0
罅	13	0
帛	13	0
嚐	13	0
擘	13	0
懂	12	478
吵	12	185
傘	12	21
遣	12	13
翩	12	12
駒	12	12
汪	12	11
丞	12	11
汐	12	9
陋	12	7
邱	12	7
扼	12	6
鱷	12	5
袱	12	5
鈕	12	5
孚	12	5
惟	12	4
鑲	12	3
鴻	12	3
饑	12	3
簾	12	3
瘀	12	3
祿	12	1
峻	12	1
懵	12	1
槳	12	1
盪	12	1
飆	12	1
俯	12	1
晾	12	1
礁	12	0
坳	12	0
蔓	12	0
産	12	0
拃	12	0
俬	12	0
榕	12	0
她	11	739
弩	11	11
渾	11	10
竊	11	9
仕	11	9
嘲	11	8
孽	11	8
驕	11	8
倪	11	7
喵	11	6
煌	11	5
稻	11	5
靴	11	4
賈	11	4
僑	11	4
肇	11	4
燦	11	3
擲	11	3
謠	11	3
沮	11	3
鵬	11	2
奄	11	2
魁	11	1
懊	11	1
禽	11	1
濤	11	1
鹵	11	1
剖	11	1
酮	11	1
踎	11	0
剌	11	0
糙	11	0
撰	11	0
圃	11	0
墻	11	0
翡	11	0
冕	11	0
玥	11	0
澎	11	0
惶	11	0
濠	11	0
寮	11	0
櫚	11	0
熬	10	42
膀	10	33
愚	10	30
奠	10	21
淇	10	13
喲	10	11
匡	10	9
嘜	10	8
棺	10	8
愁	10	8
渦	10	7
狩	10	5
掏	10	5
吼	10	5
憧	10	5
屑	10	5
篷	10	4
秩	10	4
癱	10	4
埠	10	4
辰	10	4
蟬	10	4
槌	10	4
豁	10	4
迦	10	3
燴	10	3
錐	10	3
蕊	10	3
曦	10	3
畏	10	3
頰	10	3
栽	10	2
摯	10	2
圭	10	2
鴦	10	2
薇	10	2
棧	10	2
鴛	10	2
曰	10	2
氈	10	1
蜢	10	1
鞏	10	1
乒	10	1
几	10	1
御	10	1
酶	10	0
奀	10	0
弛	10	0
鎧	10	0
紡	10	0
尉	10	0
咧	10	0
彤	10	0
搦	10	0
噃	10	0
紊	10	0
并	10	0
臀	10	0
醛	10	0
薰	10	0
痺	10	0
媾	10	0
荳	10	0
𨳊	10	0
睥	10	0
怎	9	1253
妒	9	13
頡	9	9
狸	9	9
舔	9	9
橘	9	9
穢	9	8
蟒	9	8
瞄	9	8
噹	9	7
噩	9	6
凰	9	6
桿	9	6
廓	9	5
怯	9	5
瞞	9	5
阱	9	4
韭	9	4
恃	9	4
瑩	9	4
稠	9	4
憬	9	4
繽	9	3
抉	9	2
聾	9	2
獺	9	2
胭	9	2
訣	9	2
囚	9	2
啄	9	2
鈞	9	2
蛾	9	2
疵	9	2
剋	9	1
乓	9	1
皂	9	1
兀	9	1
杆	9	1
藻	9	1
檳	9	1
澀	9	1
綺	9	0
慄	9	0
莞	9	0
瑟	9	0
瑤	9	0
户	9	0
樖	9	0
幌	9	0
琶	9	0
躝	9	0
啝	9	0
蜀	9	0
祠	9	0
敞	9	0
氟	9	0
箕	9	0
茉	9	0
鈾	9	0
牟	9	0
醣	9	0
洽	9	0
覓	8	736
虧	8	93
鈍	8	32
轍	8	15
揩	8	11
螞	8	10
焊	8	10
鈀	8	8
瀟	8	8
莽	8	7
惘	8	7
吟	8	6
閹	8	6
縛	8	6
綽	8	6
媛	8	5
噬	8	4
崛	8	4
萍	8	4
昔	8	3
翹	8	3
贖	8	3
雍	8	3
壘	8	3
姜	8	3
詭	8	3
芥	8	2
焰	8	2
隙	8	2
嗅	8	2
虔	8	2
沛	8	2
陝	8	1
芹	8	1
妃	8	1
坎	8	1
黯	8	1
鑿	8	1
梘	8	0
淤	8	0
杞	8	0
磷	8	0
匣	8	0
抌	8	0
鑒	8	0
蘸	8	0
灒	8	0
濁	8	0
吡	8	0
戥	8	0
締	8	0
蛟	8	0
瞳	8	0
鮓	8	0
耷	8	0
閏	8	0
拂	8	0
麒	8	0
焫	8	0
綴	8	0
謊	7	28
拙	7	10
詐	7	8
儉	7	8
冗	7	7
塢	7	7
煽	7	6
刃	7	6
煦	7	6
蒼	7	6
釁	7	6
躺	7	6
暇	7	6
庚	7	5
砲	7	5
桓	7	5
刁	7	5
堯	7	4
瘟	7	4
蚤	7	4
樸	7	4
耿	7	4
妍	7	4
哼	7	3
嚼	7	3
瞻	7	3
膿	7	3
豔	7	3
睫	7	3
攣	7	3
絞	7	3
緯	7	2
馭	7	2
矢	7	2
朦	7	2
肘	7	2
拇	7	2
緝	7	2
赦	7	2
垣	7	1
紳	7	1
饅	7	1
煥	7	1
蕎	7	1
俘	7	1
鰭	7	1
鉀	7	1
渺	7	1
禪	7	1
啓	7	1
臍	7	1
侷	7	1
蕪	7	1
萎	7	1
羹	7	1
鍛	7	1
峯	7	1
矚	7	1
崙	7	0
淮	7	0
邋	7	0
輟	7	0
逳	7	0
蜆	7	0
桐	7	0
灼	7	0
錳	7	0
朴	7	0
砒	7	0
雁	7	0
蔻	7	0
髹	7	0
𦧲	7	0
蜻	7	0
鵰	7	0
掕	7	0
芡	7	0
鏽	7	0
汆	7	0
埲	7	0
卅	7	0
牯	7	0
飪	7	0
鋅	7	0
鐸	7	0
菁	7	0
筲	7	0
砵	7	0
鷺	7	0
遢	7	0
贛	7	0
云	7	0
哪	6	1523
扳	6	34
鄙	6	29
噁	6	23
炫	6	16
秤	6	12
逛	6	9
顫	6	8
漩	6	7
范	6	5
燜	6	5
齦	6	5
斂	6	4
矯	6	4
庶	6	4
軀	6	4
蹲	6	4
鈔	6	4
咎	6	3
鰹	6	3
滄	6	3
箏	6	3
辮	6	3
浣	6	2
邵	6	2
繆	6	2
遂	6	2
駱	6	2
壩	6	2
詮	6	2
晦	6	2
綢	6	2
籮	6	2
饒	6	2
溏	6	2
倖	6	2
炳	6	2
盅	6	2
巳	6	2
烯	6	2
譴	6	1
詔	6	1
虜	6	1
矣	6	1
俐	6	1
掀	6	1
綻	6	1
佘	6	1
駿	6	1
魄	6	1
楷	6	1
娥	6	1
誡	6	1
姚	6	1
珀	6	1
鉅	6	1
芷	6	1
畝	6	0
姣	6	0
暨	6	0
翌	6	0
橢	6	0
彪	6	0
饌	6	0
壆	6	0
潢	6	0
眸	6	0
靶	6	0
滘	6	0
揈	6	0
蜴	6	0
腱	6	0
綵	6	0
洱	6	0
颯	6	0
絃	6	0
粧	6	0
朕	6	0
戟	6	0
彗	6	0
戊	6	0
殉	6	0
毓	6	0
唾	6	0
痹	6	0
霹	6	0
氮	6	0
苔	6	0
扲	6	0
彰	6	0
嗤	6	0
鰓	6	0
孜	6	0
搾	6	0
柑	6	0
暉	6	0
蓆	6	0
嫡	6	0
侖	6	0
迭	6	0
鎗	6	0
驛	6	0
靂	6	0
餾	6	0
癦	6	0
悖	6	0
惰	5	34
啃	5	27
髒	5	23
倆	5	15
赴	5	15
賄	5	6
褻	5	6
輿	5	6
祟	5	6
撓	5	5
韜	5	5
蠓	5	5
嵐	5	5
旭	5	5
氓	5	5
擂	5	5
腋	5	5
螳	5	4
灸	5	4
畸	5	4
螂	5	4
捅	5	4
鼾	5	4
簷	5	4
撮	5	3
瘍	5	3
拚	5	3
謗	5	3
盯	5	3
狽	5	3
荼	5	3
婪	5	3
垢	5	3
嗽	5	3
綸	5	3
蠍	5	3
乍	5	3
菱	5	2
龔	5	2
趟	5	2
瀾	5	2
餛	5	2
喋	5	2
蹋	5	2
飩	5	2
孵	5	2
鑄	5	2
揉	5	2
荀	5	2
嬉	5	2
竅	5	2
悼	5	2
骸	5	2
駝	5	2
棱	5	2
恕	5	2
儡	5	2
輾	5	2
岔	5	2
傀	5	2
鄺	5	1
諭	5	1
滔	5	1
檀	5	1
畔	5	1
侄	5	1
懈	5	1
雛	5	1
鰂	5	1
炙	5	1
祺	5	1
逅	5	1
囑	5	1
漾	5	1
槓	5	1
邂	5	1
棗	5	1
哮	5	1
漓	5	1
瘧	5	1
紓	5	1
藜	5	0
忟	5	0
橛	5	0
璧	5	0
砰	5	0
㷫	5	0
焙	5	0
蚱	5	0
韮	5	0
鏢	5	0
璀	5	0
蒐	5	0
卯	5	0
璨	5	0
瓤	5	0
骰	5	0
瞰	5	0
繃	5	0
咐	5	0
峭	5	0
蹺	5	0
倭	5	0
燻	5	0
亥	5	0
拮	5	0
熾	5	0
渲	5	0
崔	5	0
嶄	5	0
汀	5	0
哽	5	0
殞	5	0
峇	5	0
寇	5	0
熠	5	0
秉	5	0
劾	5	0
嗶	5	0
鱈	5	0
祇	5	0
挾	5	0
菓	5	0
讕	5	0
呯	5	0
嫻	5	0
忿	5	0
叠	5	0
鎔	5	0
斌	5	0
𠮨	5	0
嘶	5	0
塚	5	0
黴	5	0
溢	5	0
趷	5	0
脱	5	0
𠝹	5	0
鎢	5	0
稜	5	0
孳	5	0
糍	5	0
砧	5	0
桔	5	0
餚	4	20
疼	4	10
澈	4	8
捆	4	7
倔	4	5
揍	4	4
斃	4	4
划	4	4
戳	4	4
簧	4	4
捏	4	4
伕	4	3
稔	4	3
俏	4	3
鏗	4	3
喧	4	3
梟	4	3
慚	4	3
遁	4	3
錮	4	3
瘴	4	3
瞌	4	3
俑	4	2
櫥	4	2
薏	4	2
骷	4	2
誹	4	2
彬	4	2
狒	4	2
奚	4	2
寅	4	2
薔	4	2
髏	4	2
紂	4	2
搥	4	2
閔	4	2
甦	4	2
夭	4	2
阜	4	2
胱	4	1
泣	4	1
糭	4	1
烙	4	1
嶇	4	1
菩	4	1
僚	4	1
惕	4	1
蒞	4	1
巔	4	1
眷	4	1
簫	4	1
栢	4	1
甄	4	1
漱	4	1
霎	4	1
攏	4	1
晃	4	1
毆	4	1
彷	4	1
隘	4	1
鈦	4	0
嗮	4	0
駅	4	0
蜥	4	0
毯	4	0
壹	4	0
宛	4	0
溉	4	0
榻	4	0
瀚	4	0
咿	4	0
爍	4	0
瀧	4	0
閪	4	0
尐	4	0
𥹉	4	0
岌	4	0
氦	4	0
匱	4	0
敍	4	0
确	4	0
蠕	4	0
邸	4	0
哉	4	0
壬	4	0
樁	4	0
璋	4	0
闡	4	0
脯	4	0
雹	4	0
炬	4	0
鉸	4	0
禹	4	0
沐	4	0
埞	4	0
呠	4	0
涅	4	0
冪	4	0
獼	4	0
綏	4	0
汝	4	0
蟎	4	0
稽	4	0
躬	4	0
犁	4	0
矇	4	0
湘	4	0
篡	4	0
羚	4	0
艮	4	0
罹	4	0
蜓	4	0
鑫	4	0
噤	4	0
霾	4	0
浙	4	0
鮫	4	0
寢	4	0
湛	4	0
糠	4	0
祉	4	0
謚	4	0
孃	4	0
痠	4	0
廖	4	0
曙	4	0
沼	4	0
斟	4	0
痱	4	0
邑	4	0
聳	4	0
戍	4	0
蟶	4	0
酉	4	0
蔴	4	0
颶	4	0
么	4	0
両	4	0
颳	4	0
㧬	4	0
噌	4	0
潺	4	0
澡	3	30
逮	3	26
匆	3	25
狡	3	24
淹	3	19
睪	3	19
拭	3	15
暱	3	15
娼	3	13
眶	3	12
霉	3	9
猥	3	7
涕	3	6
瑣	3	6
勺	3	6
賂	3	6
餿	3	5
窺	3	5
岳	3	5
歹	3	4
囗	3	3
誦	3	3
苛	3	3
祀	3	3
骯	3	3
猖	3	3
忐	3	2
尹	3	2
硤	3	2
曠	3	2
鏘	3	2
忑	3	2
瘓	3	2
剽	3	2
蝟	3	2
凜	3	2
愕	3	2
膛	3	2
彿	3	2
燊	3	2
痙	3	2
淳	3	2
鍍	3	2
訕	3	2
栗	3	2
鋤	3	2
琛	3	2
滕	3	2
戮	3	2
逞	3	2
廬	3	1
踴	3	1
媲	3	1
滌	3	1
閥	3	1
囤	3	1
孺	3	1
燼	3	1
葷	3	1
蛹	3	1
娩	3	1
餒	3	1
矜	3	1
竺	3	1
舵	3	1
蚣	3	1
泯	3	1
憫	3	1
玷	3	1
樟	3	1
僮	3	1
蝨	3	1
殯	3	1
厥	3	1
柿	3	1
坷	3	1
舀	3	1
蜈	3	1
瀆	3	1
蛀	3	1
擱	3	1
蛤	3	1
扛	3	1
梧	3	1
奎	3	1
叱	3	1
抨	3	1
冼	3	1
暹	3	0
芻	3	0
枸	3	0
枚	3	0
寥	3	0
匾	3	0
牠	3	0
佰	3	0
稼	3	0
腮	3	0
焉	3	0
吩	3	0
搲	3	0
鯇	3	0
烚	3	0
翳	3	0
𨋢	3	0
踵	3	0
稈	3	0
捩	3	0
渭	3	0
渥	3	0
頤	3	0
鎝	3	0
茗	3	0
徊	3	0
闢	3	0
据	3	0
蟧	3	0
扉	3	0
徬	3	0
纓	3	0
咇	3	0
眺	3	0
捌	3	0
汲	3	0
徨	3	0
璣	3	0
旮	3	0
蠄	3	0
舅	3	0
聶	3	0
榆	3	0
耆	3	0
鵡	3	0
鱗	3	0
揞	3	0
杭	3	0
牀	3	0
嶽	3	0
瀋	3	0
苯	3	0
訌	3	0
鞠	3	0
冢	3	0
祐	3	0
舶	3	0
酌	3	0
葦	3	0
躋	3	0
瑾	3	0
傚	3	0
峋	3	0
掯	3	0
濂	3	0
笈	3	0
骹	3	0
漚	3	0
蔗	3	0
屢	3	0
逍	3	0
餉	3	0
嚡	3	0
櫳	3	0
氾	3	0
慷	3	0
茁	3	0
呤	3	0
宕	3	0
䟴	3	0
逕	3	0
旯	3	0
姍	3	0
吽	3	0
鸚	3	0
訟	3	0
憩	3	0
卉	3	0
嶙	3	0
褶	3	0
鋰	3	0
嫖	3	0
吝	3	0
滂	3	0
窪	2	38
猾	2	24
睜	2	12
悄	2	12
袒	2	11
搗	2	8
諱	2	8
鑰	2	7
嫉	2	7
躲	2	7
琢	2	6
髦	2	4
蔑	2	4
鴕	2	3
廝	2	3
竿	2	3
惦	2	2
夙	2	2
懾	2	2
銃	2	2
佼	2	2
贅	2	2
蚪	2	2
睽	2	2
沬	2	2
窖	2	2
騾	2	2
喃	2	2
玀	2	2
痧	2	2
咄	2	2
謾	2	2
匕	2	2
痔	2	2
蝌	2	2
朧	2	2
苟	2	2
噗	2	2
兢	2	2
摒	2	2
纍	2	2
毗	2	1
霑	2	1
恍	2	1
咆	2	1
舢	2	1
跆	2	1
睦	2	1
緲	2	1
痢	2	1
榷	2	1
縹	2	1
癇	2	1
睞	2	1
鯪	2	1
盼	2	1
潦	2	1
膺	2	1
姪	2	1
忱	2	1
寐	2	1
硒	2	1
敝	2	1
僭	2	1
磊	2	1
儈	2	1
斐	2	1
銻	2	1
膾	2	1
鄂	2	1
衲	2	1
蔘	2	1
搔	2	1
峙	2	1
遑	2	1
戎	2	1
囧	2	1
蚌	2	1
嚥	2	1
殆	2	1
墾	2	1
懇	2	1
諦	2	1
羲	2	1
琥	2	1
悍	2	1
吒	2	1
凋	2	1
臼	2	1
辟	2	1
婢	2	1
甥	2	1
浚	2	1
繙	2	0
冶	2	0
葺	2	0
蜇	2	0
徠	2	0
勛	2	0
雉	2	0
蟾	2	0
娓	2	0
罌	2	0
酣	2	0
鶯	2	0
緡	2	0
崑	2	0
祆	2	0
宦	2	0
剁	2	0
砝	2	0
碾	2	0
瞇	2	0
葫	2	0
叩	2	0
闔	2	0
屹	2	0
槃	2	0
礫	2	0
菅	2	0
盎	2	0
砸	2	0
鷸	2	0
焯	2	0
孀	2	0
渤	2	0
騸	2	0
嵩	2	0
湃	2	0
貳	2	0
銫	2	0
糅	2	0
孿	2	0
汞	2	0
税	2	0
衙	2	0
涸	2	0
殮	2	0
𥊙	2	0
遴	2	0
婿	2	0
烴	2	0
墩	2	0
炊	2	0
睏	2	0
孱	2	0
唷	2	0
祁	2	0
𣲷	2	0
鈷	2	0
殷	2	0
萱	2	0
釦	2	0
珮	2	0
妾	2	0
秧	2	0
鱔	2	0
酗	2	0
閲	2	0
鐲	2	0
俚	2	0
囈	2	0
粼	2	0
洶	2	0
烽	2	0
祢	2	0
迢	2	0
蕙	2	0
鑣	2	0
摑	2	0
吏	2	0
迾	2	0
疋	2	0
鎳	2	0
騫	2	0
嗝	2	0
腑	2	0
窯	2	0
卌	2	0
藹	2	0
鈎	2	0
顱	2	0
蓓	2	0
濡	2	0
踱	2	0
斕	2	0
癸	2	0
冉	2	0
鞘	2	0
眈	2	0
帷	2	0
唨	2	0
咔	2	0
嘭	2	0
胳	2	0
寰	2	0
鉻	2	0
泓	2	0
璞	2	0
煨	2	0
銥	2	0
邢	2	0
噱	2	0
錒	2	0
畿	2	0
靛	2	0
圜	2	0
睄	2	0
栩	2	0
淥	2	0
賃	2	0
盂	2	0
斛	2	0
擝	2	0
鉑	2	0
髖	2	0
彊	2	0
鬩	2	0
滬	2	0
詰	2	0
蹉	2	0
扱	2	0
嘚	2	0
儼	2	0
澧	2	0
啋	2	0
糴	2	0
搐	2	0
脧	2	0
麂	2	0
訃	2	0
諡	2	0
揣	2	0
撿	1	44
垮	1	9
摳	1	8
饞	1	6
牡	1	6
迂	1	6
楣	1	5
稟	1	3
霄	1	3
耽	1	3
痊	1	3
踝	1	3
閡	1	2
睾	1	2
絆	1	2
咽	1	2
澆	1	2
忤	1	2
佻	1	2
惚	1	1
蚵	1	1
胴	1	1
藐	1	1
肓	1	1
儆	1	1
芸	1	1
紆	1	1
瑛	1	1
癆	1	1
嘰	1	1
徇	1	1
跤	1	1
瞼	1	1
悸	1	1
馱	1	1
嗨	1	1
刎	1	1
庖	1	1
糜	1	1
靡	1	1
敖	1	1
獗	1	1
吶	1	1
剿	1	1
侃	1	1
瀛	1	1
槐	1	1
躪	1	1
牒	1	1
腆	1	1
仄	1	1
笙	1	1
驢	1	1
靦	1	1
蟑	1	1
錨	1	1
暮	1	1
龕	1	1
枷	1	1
獒	1	1
蹂	1	1
熨	1	1
釩	1	1
粽	1	1
貂	1	1
奐	1	1
鐧	1	1
滓	1	1
叵	1	1
瘁	1	1
褒	1	1
僥	1	1
濛	1	1
摹	1	1
羔	1	1
蜍	1	0
脛	1	0
栓	1	0
頽	1	0
詆	1	0
絢	1	0
朽	1	0
筐	1	0
憊	1	0
褫	1	0
縷	1	0
嫺	1	0
蜚	1	0
疱	1	0
砥	1	0
翱	1	0
擗	1	0
嫦	1	0
掐	1	0
煑	1	0
𠺫	1	0
妤	1	0
窘	1	0
撠	1	0
褥	1	0
掖	1	0
贓	1	0
𤓓	1	0
糝	1	0
嚏	1	0
陛	1	0
鮋	1	0
臻	1	0
𠹌	1	0
俞	1	0
韁	1	0
釗	1	0
熹	1	0
餞	1	0
黔	1	0
舂	1	0
遯	1	0
沌	1	0
癬	1	0
麴	1	0
幗	1	0
礴	1	0
薛	1	0
煜	1	0
𥇣	1	0
搪	1	0
痍	1	0
粢	1	0
掅	1	0
僆	1	0
徘	1	0
佮	1	0
遐	1	0
枇	1	0
剒	1	0
藴	1	0
恿	1	0
篆	1	0
裨	1	0
蟀	1	0
簍	1	0
朔	1	0
燬	1	0
陡	1	0
遏	1	0
琺	1	0
耻	1	0
鍥	1	0
鈧	1	0
緘	1	0
鰲	1	0
衕	1	0
箔	1	0
靭	1	0
濺	1	0
脣	1	0
椗	1	0
碇	1	0
坼	1	0
勘	1	0
疸	1	0
屄	1	0
琵	1	0
謔	1	0
邇	1	0
伎	1	0
柵	1	0
咚	1	0
葱	1	0
櫛	1	0
𥄫	1	0
恬	1	0
瑯	1	0
輓	1	0
悒	1	0
鯁	1	0
闌	1	0
鋯	1	0
縈	1	0
磺	1	0
皋	1	0
捋	1	0
拏	1	0
跛	1	0
蜑	1	0
箴	1	0
亢	1	0
孻	1	0
帑	1	0
𠴕	1	0
摀	1	0
咤	1	0
橇	1	0
緞	1	0
氪	1	0
釔	1	0
隅	1	0
羯	1	0
屘	1	0
釒	1	0
悽	1	0
鬢	1	0
諺	1	0
窈	1	0
鈪	1	0
跚	1	0
庵	1	0
枴	1	0
囍	1	0
啅	1	0
殤	1	0
杈	1	0
楞	1	0
衚	1	0
捻	1	0
摵	1	0
罉	1	0
肶	1	0
儕	1	0
慫	1	0
礡	1	0
殭	1	0
喙	1	0
擻	1	0
膥	1	0
叶	1	0
迄	1	0
恙	1	0
㖿	1	0
濶	1	0
銬	1	0
轅	1	0
醮	1	0
揖	1	0
仃	1	0
嚙	1	0
瑙	1	0
殲	1	0
虞	1	0
掗	1	0
裴	1	0
誨	1	0
㨘	1	0
嚎	1	0
瘻	1	0
簪	1	0
罄	1	0
軼	1	0
涂	1	0
篙	1	0
踮	1	0
攘	1	0
愜	1	0
詣	1	0
郝	1	0
硼	1	0
鑾	1	0
闕	1	0
懿	1	0
衩	1	0
雇	1	0
髻	1	0
軭	1	0
弋	1	0
醺	1	0
粱	1	0
賒	1	0
囪	1	0
榃	1	0
巒	1	0
楨	1	0
鶉	1	0
鐺	1	0
㩧	1	0
窕	1	0
嗣	1	0
蚓	1	0
竣	1	0
癐	1	0
沱	1	0
莢	1	0
垠	1	0
咫	1	0
怠	1	0
黍	1	0
嘀	1	0
箝	1	0
蟠	1	0
悚	1	0
欸	1	0
燧	1	0
弈	1	0
鵑	1	0
裇	1	0
戌	1	0
纂	1	0
叟	1	0
噍	1	0
鍺	1	0
肴	1	0
纊	1	0
睺	1	0
賅	1	0
蹣	1	0
扐	1	0
説	1	0
𧕴	1	0
鵪	1	0
蚯	1	0
鏍	1	0
𠮩	1	0
𠵇	1	0
摙	1	0
猝	1	0
眩	1	0
衊	1	0
阮	1	0
粿	1	0
穹	1	0
啷	1	0
鷲	1	0
伶	1	0
柢	1	0
咻	1	0
仝	1	0
笆	1	0
擄	1	0
晷	1	0
偌	1	0
詫	1	0
嘺	1	0
惻	1	0
轕	1	0
卞	1	0
貯	1	0
杷	1	0
凄	1	0
溺	1	0
睿	1	0
𢱕	1	0
棹	1	0
紉	1	0
儷	1	0
伉	1	0
𨃩	1	0
舜	1	0
𢲷	1	0
儂	1	0
蟋	1	0
磐	1	0
鈽	1	0
馥	1	0
咨	1	0
憚	1	0
幟	1	0
㓟	1	0
罔	1	0
氚	1	0
啥	0	1254
咱	0	226
甭	0	210
螫	0	65
菸	0	28
丐	0	19
婊	0	14
梢	0	9
憋	0	9
嘖	0	8
脖	0	8
鱉	0	8
蔫	0	6
痣	0	6
瞎	0	4
蟄	0	3
拈	0	3
皙	0	3
涮	0	2
帚	0	2
瞧	0	2
襶	0	1
佯	0	1
踞	0	1
筏	0	1
瞪	0	1
腌	0	1
豈	0	1
孓	0	1
攢	0	1
孑	0	1
捶	0	1
襠	0	1
齙	0	1
蜊	0	1
蹬	0	1
儐	0	1
鷂	0	1
噎	0	1
眯	0	1
竄	0	1
疝	0	1
鮪	0	1
螯	0	1
嗓	0	1
摟	0	1
蕹	0	1
鵯	0	0
挼	0	0
瀡	0	0
仵	0	0
鰍	0	0
𠱃	0	0
鱆	0	0
樵	0	0
疍	0	0
𫬷	0	0
酹	0	0
氬	0	0
溴	0	0
嘸	0	0
嗩	0	0
佚	0	0
渝	0	0
孰	0	0
讌	0	0
滰	0	0
竻	0	0
厴	0	0
趻	0	0
蚩	0	0
摻	0	0
淰	0	0
䐁	0	0
臆	0	0
㿭	0	0
蟆	0	0
悴	0	0
𥅾	0	0
婀	0	0
壅	0	0
亻	0	0
奅	0	0
倌	0	0
竽	0	0
撍	0	0
扊	0	0
哆	0	0
魘	0	0
煠	0	0
狷	0	0
饈	0	0
鵠	0	0
睼	0	0
沊	0	0
𧧝	0	0
弮	0	0
攊	0	0
熏	0	0
甌	0	0
鮒	0	0
睩	0	0
桁	0	0
諉	0	0
亍	0	0
閻	0	0
蜒	0	0
臃	0	0
蔃	0	0
耘	0	0
騁	0	0
鍬	0	0
鉞	0	0
蛞	0	0
屜	0	0
禸	0	0
礬	0	0
懺	0	0
嗒	0	0
虱	0	0
婄	0	0
𡃀	0	0
㨢	0	0
髧	0	0
菖	0	0
嘧	0	0
鍘	0	0
澗	0	0
𥱊	0	0
嘹	0	0
𧝁	0	0
𨉖	0	0
翟	0	0
砦	0	0
箸	0	0
沓	0	0
𢺳	0	0
彳	0	0
嬡	0	0
䊦	0	0
鴣	0	0
堇	0	0
銣	0	0
譏	0	0
揄	0	0
訖	0	0
蕌	0	0
淌	0	0
莧	0	0
裳	0	0
黅	0	0
俸	0	0
俁	0	0
驀	0	0
氼	0	0
䐱	0	0
𨀤	0	0
酊	0	0
擏	0	0
趄	0	0
𬒔	0	0
顢	0	0
䟕	0	0
癪	0	0
膉	0	0
渳	0	0
覬	0	0
燎	0	0
蝞	0	0
臊	0	0
嬋	0	0
濯	0	0
衒	0	0
袜	0	0
杬	0	0
踿	0	0
萵	0	0
榔	0	0
掽	0	0
駢	0	0
齮	0	0
囿	0	0
嫵	0	0
湮	0	0
詬	0	0
鉢	0	0
雫	0	0
瓢	0	0
鐮	0	0
溚	0	0
贗	0	0
隍	0	0
胗	0	0
馗	0	0
紕	0	0
扈	0	0
慇	0	0
袈	0	0
𢪎	0	0
愾	0	0
鼆	0	0
𠱸	0	0
詎	0	0
仞	0	0
笏	0	0
躀	0	0
獠	0	0
姼	0	0
𨂾	0	0
鎘	0	0
鰽	0	0
迮	0	0
韞	0	0
讎	0	0
扅	0	0
撑	0	0
苓	0	0
俎	0	0
銲	0	0
瞠	0	0
𠳔	0	0
簕	0	0
湴	0	0
綯	0	0
𠹻	0	0
旛	0	0
葩	0	0
獃	0	0
痂	0	0
痄	0	0
恪	0	0
諳	0	0
彆	0	0
瞥	0	0
𢆡	0	0
爩	0	0
衾	0	0
唆	0	0
唚	0	0
嗑	0	0
垽	0	0
蜿	0	0
抦	0	0
甖	0	0
墈	0	0
菂	0	0
饕	0	0
𠹹	0	0
蕈	0	0
𡰪	0	0
貉	0	0
囌	0	0
笞	0	0
褓	0	0
颼	0	0
𢫏	0	0
㨴	0	0
炔	0	0
悱	0	0
猻	0	0
𡃁	0	0
𪘲	0	0
驥	0	0
𧴯	0	0
噒	0	0
懞	0	0
羡	0	0
轂	0	0
撏	0	0
掰	0	0
瓠	0	0
詼	0	0
肄	0	0
躊	0	0
辶	0	0
厾	0	0
𧥺	0	0
皈	0	0
澹	0	0
憔	0	0
卍	0	0
熰	0	0
耖	0	0
㩋	0	0
搉	0	0
儳	0	0
瞅	0	0
鎅	0	0
𥋇	0	0
冀	0	0
𠱂	0	0
璺	0	0
鯧	0	0
諛	0	0
糉	0	0
㿺	0	0
呍	0	0
豺	0	0
噈	0	0
𧘹	0	0
𩺬	0	0
罨	0	0
摱	0	0
㬹	0	0
戙	0	0
芎	0	0
𧌇	0	0
嗦	0	0
殽	0	0
姩	0	0
蹊	0	0
㞘	0	0
綑	0	0
踪	0	0
痞	0	0
𡙁	0	0
贋	0	0
痿	0	0
玳	0	0
戽	0	0
拑	0	0
琅	0	0
赧	0	0
鴝	0	0
踉	0	0
揆	0	0
諄	0	0
篦	0	0
唳	0	0
尸	0	0
苴	0	0
躇	0	0
庹	0	0
櫼	0	0
踹	0	0
鬨	0	0
𠜱	0	0
哣	0	0
茭	0	0
浹	0	0
涿	0	0
𦟌	0	0
弒	0	0
𠱓	0	0
櫂	0	0
炷	0	0
漪	0	0
鰾	0	0
鴇	0	0
㧾	0	0
哚	0	0
蹩	0	0
屐	0	0
魑	0	0
𫫃	0	0
俳	0	0
甏	0	0
𢱢	0	0
羌	0	0
袞	0	0
蚶	0	0
澩	0	0
錙	0	0
薳	0	0
薂	0	0
暄	0	0
叁	0	0
欒	0	0
槧	0	0
裘	0	0
曇	0	0
慟	0	0
綟	0	0
謅	0	0
髆	0	0
𠶧	0	0
蹴	0	0
鍟	0	0
𣚺	0	0
疒	0	0
揶	0	0
峒	0	0
鴞	0	0
纈	0	0
鶩	0	0
挭	0	0
疿	0	0
耨	0	0
䱽	0	0
繭	0	0
惋	0	0
圄	0	0
褦	0	0
澒	0	0
𠱁	0	0
毽	0	0
靸	0	0
黝	0	0
詏	0	0
餼	0	0
氵	0	0
傝	0	0
椏	0	0
汛	0	0
渻	0	0
簣	0	0
笮	0	0
爻	0	0
鬙	0	0
𨶙	0	0
矓	0	0
蟝	0	0
扻	0	0
胆	0	0
𨈇	0	0
擙	0	0
螆	0	0
珼	0	0
㾓	0	0
叨	0	0
硃	0	0
鮎	0	0
痲	0	0
呸	0	0
揇	0	0
佇	0	0
鈒	0	0
硅	0	0
撜	0	0
睖	0	0
𠆩	0	0
㗾	0	0
岋	0	0
蚍	0	0
埄	0	0
蚧	0	0
翎	0	0
嚒	0	0
鬭	0	0
蹸	0	0
瀰	0	0
砷	0	0
蚺	0	0
蜃	0	0
鈸	0	0
筠	0	0
茹	0	0
鼯	0	0
髈	0	0
撦	0	0
蜞	0	0
敨	0	0
𤣩	0	0
𢴈	0	0
殃	0	0
謳	0	0
𧨾	0	0
鏾	0	0
濘	0	0
鈈	0	0
菰	0	0
鋹	0	0
𤜯	0	0
驍	0	0
絹	0	0
㔆	0	0
醖	0	0
籟	0	0
蹱	0	0
扑	0	0
𢲩	0	0
蜕	0	0
芍	0	0
爨	0	0
𠽤	0	0
噫	0	0
脇	0	0
捫	0	0
髭	0	0
犭	0	0
劖	0	0
霰	0	0
遨	0	0
艹	0	0
羈	0	0
譁	0	0
摏	0	0
顴	0	0
禡	0	0
撾	0	0
𠳝	0	0
砣	0	0
蹦	0	0
鰥	0	0
勹	0	0
礪	0	0
澰	0	0
艔	0	0
蒿	0	0
妗	0	0
裟	0	0
妯	0	0
魎	0	0
欷	0	0
塹	0	0
𧊅	0	0
恫	0	0
廹	0	0
銯	0	0
戕	0	0
蒻	0	0
𦜖	0	0
𠸎	0	0
𧋦	0	0
𡲬	0	0
𡲢	0	0
砐	0	0
𭉝	0	0
囟	0	0
撟	0	0
躙	0	0
歛	0	0
媌	0	0
䆲	0	0
擸	0	0
潷	0	0
飠	0	0
茘	0	0
魍	0	0
擯	0	0
窬	0	0
渙	0	0
喭	0	0
嚷	0	0
謫	0	0
酡	0	0
鵲	0	0
𡃈	0	0
嗻	0	0
杵	0	0
𠽌	0	0
趌	0	0
烊	0	0
袂	0	0
嫪	0	0
愩	0	0
恣	0	0
㞗	0	0
獞	0	0
嚱	0	0
煀	0	0
陞	0	0
覷	0	0
蹌	0	0
臏	0	0
猙	0	0
𢳆	0	0
毬	0	0
斵	0	0
忖	0	0
腡	0	0
牘	0	0
褚	0	0
儻	0	0
轎	0	0
𩶘	0	0
饉	0	0
拞	0	0
浥	0	0
頇	0	0
鯰	0	0
𠼮	0	0
靄	0	0
𠾵	0	0
𢴒	0	0
釵	0	0
訁	0	0
鼬	0	0
跋	0	0
㮌	0	0
咹	0	0
弔	0	0
湓	0	0
眛	0	0
摥	0	0
謄	0	0
潸	0	0
溦	0	0
𢳂	0	0
䁽	0	0
䏙	0	0
弭	0	0
篾	0	0
乪	0	0
諫	0	0
掱	0	0
戾	0	0
鶻	0	0
挐	0	0
癟	0	0
挃	0	0
卧	0	0
藺	0	0
彫	0	0
㨃	0	0
糹	0	0
𥅈	0	0
忡	0	0
酩	0	0
鬟	0	0
洒	0	0
蹼	0	0
麓	0	0
燂	0	0
貔	0	0
讒	0	0
崧	0	0
蒟	0	0
膈	0	0
鎵	0	0
哿	0	0
襤	0	0
㚻	0	0
鉈	0	0
桷	0	0
吮	0	0
𤺧	0	0
沅	0	0
偎	0	0
潲	0	0
嘌	0	0
腬	0	0
皰	0	0
髣	0	0
𠼭	0	0
拷	0	0
鍶	0	0
跎	0	0
繑	0	0
𢰸	0	0
黜	0	0
䁓	0	0
襁	0	0
倘	0	0
氖	0	0
瘌	0	0
𦢊	0	0
陲	0	0
犖	0	0
輋	0	0
㔷	0	0
嗬	0	0
轇	0	0
祂	0	0
矺	0	0
魨	0	0
篋	0	0
䘒	0	0
誅	0	0
麾	0	0
炖	0	0
𩓥	0	0
迥	0	0
蜉	0	0
䘆	0	0
嫋	0	0
賸	0	0
躂	0	0
汾	0	0
緄	0	0
𡃴	0	0
䭤	0	0
絀	0	0
惆	0	0
㕭	0	0
唶	0	0
矗	0	0
芪	0	0
乩	0	0
𣏴	0	0
𡥼	0	0
𧢝	0	0
鰆	0	0
硯	0	0
譎	0	0
悵	0	0
軛	0	0
苞	0	0
閧	0	0
浭	0	0
擢	0	0
蔸	0	0
懃	0	0
摼	0	0
擪	0	0
釷	0	0
甕	0	0
鴆	0	0
炯	0	0
飴	0	0
罯	0	0
唎	0	0
挈	0	0
𢫨	0	0
肕	0	0
笳	0	0
𩬎	0	0
撨	0	0
檐	0	0
㨆	0	0
忪	0	0
臌	0	0
誽	0	0
襄	0	0
攋	0	0
蓑	0	0
㥋	0	0
縟	0	0
紁	0	0
擳	0	0
嗍	0	0
錔	0	0
朘	0	0
凭	0	0
𩩍	0	0
瑁	0	0
訛	0	0
賑	0	0
榛	0	0
鈹	0	0
頷	0	0
嗗	0	0
𢴩	0	0
鯭	0	0
舫	0	0
斫	0	0
骾	0	0
鐔	0	0
嫗	0	0
㪗	0	0
媳	0	0
鱅	0	0
𠎷	0	0
饊	0	0
姥	0	0
惴	0	0
簸	0	0
渧	0	0
淝	0	0
𠹷	0	0
碘	0	0
𢲡	0	0
癎	0	0
劊	0	0
猄	0	0
𤷫	0	0
錚	0	0
佗	0	0
嘮	0	0
蝓	0	0
𢭃	0	0
膼	0	0
膶	0	0
庾	0	0
餲	0	0
覦	0	0
𨅝	0	0
亟	0	0
腯	0	0
忄	0	0
舦	0	0
㔼	0	0
幺	0	0
蛭	0	0
扽	0	0
璐	0	0
柜	0	0
𨳒	0	0
稷	0	0
駟	0	0
謯	0	0
榫	0	0
竉	0	0
淬	0	0
鈑	0	0
筵	0	0
趯	0	0
梱	0	0
䖢	0	0
阡	0	0
銖	0	0
熝	0	0
㷹	0	0
揠	0	0
捵	0	0
卼	0	0
麝	0	0
𤆣	0	0
𦧷	0	0
斡	0	0
嚤	0	0
纔	0	0
銓	0	0
坺	0	0
氘	0	0
簇	0	0
缽	0	0
𢬿	0	0
狎	0	0
夤	0	0
迓	0	0
篱	0	0
胵	0	0
繚	0	0
糶	0	0
娌	0	0
𤷪	0	0
磋	0	0
衤	0	0
偕	0	0
笸	0	0
獰	0	0
歃	0	0
挹	0	0
簋	0	0
丢	0	0
䉺	0	0
髴	0	0
闋	0	0
翕	0	0
軨	0	0
咑	0	0
擤	0	0
哏	0	0
觔	0	0
怔	0	0
倮	0	0
鎩	0	0
灶	0	0
扚	0	0
幃	0	0
䆡	0	0
贍	0	0
崽	0	0
眇	0	0
鰨	0	0
竈	0	0
韵	0	0
𨳍	0	0
騖	0	0
蟥	0	0
湎	0	0
𩜠	0	0
齧	0	0
荏	0	0
貽	0	0
䠄	0	0
艋	0	0
歔	0	0
𠊎	0	0
唅	0	0
啼	0	0
舨	0	0
鑞	0	0
啶	0	0
詡	0	0
愎	0	0
叼	0	0
譖	0	0
矋	0	0
沏	0	0
髇	0	0
躓	0	0
嗷	0	0
覃	0	0
悦	0	0
瘉	0	0
螄	0	0
餔	0	0
涴	0	0
涇	0	0
䁪	0	0
瞸	0	0
挘	0	0
𤶸	0	0
喫	0	0
涎	0	0
𦖿	0	0
塾	0	0
鱸	0	0
𢯎	0	0
腊	0	0
黹	0	0
脢	0	0
碁	0	0
掁	0	0
薘	0	0
倀	0	0
縐	0	0
㗱	0	0
趲	0	0
㓤	0	0
皿	0	0
扌	0	0
鯽	0	0
黚	0	0
掬	0	0
膣	0	0
圮	0	0
𨈓	0	0
𠾴	0	0
瓩	0	0
柩	0	0
嚓	0	0
叾	0	0
䡣	0	0
噆	0	0
奓	0	0
囹	0	0
樊	0	0
嚦	0	0
鮨	0	0
𦉘	0	0
𠺘	0	0
齕	0	0
冫	0	0
娿	0	0
宀	0	0
𠜎	0	0
鞦	0	0
僂	0	0
犢	0	0
𦻐	0	0
嗇	0	0
赳	0	0
鷯	0	0
躡	0	0
揤	0	0
箋	0	0
𠹇	0	0
螃	0	0
褂	0	0
鋭	0	0
癩	0	0
紜	0	0
茼	0	0
忳	0	0
笡	0	0
囱	0	0
雋	0	0
銼	0	0
駙	0	0
裱	0	0
榪	0	0
𢯊	0	0
蒔	0	0
哬	0	0
抿	0	0
嫣	0	0
薺	0	0
櫓	0	0
菢	0	0
藪	0	0
嬪	0	0
氊	0	0
𠵼	0	0
碉	0	0
麪	0	0
炩	0	0
鬃	0	0
珧	0	0
抰	0	0
䞘	0	0
𢞵	0	0
燐	0	0
誣	0	0
噼	0	0
鷗	0	0
仟	0	0
𦧺	0	0
啹	0	0
凼	0	0
氕	0	0
鄒	0	0
珞	0	0
䚗	0	0
弶	0	0
浬	0	0
粑	0	0
唂	0	0
鏹	0	0
挲	0	0
痶	0	0
倜	0	0
杳	0	0
貅	0	0
鏨	0	0
臢	0	0
荸	0	0
獷	0	0
攙	0	0
䂻	0	0
黷	0	0
燄	0	0
莠	0	0
嗟	0	0
餌	0	0
韆	0	0
攵	0	0
鱭	0	0
唁	0	0
嘵	0	0
棯	0	0
𡁻	0	0
扠	0	0
譭	0	0
侲	0	0
韙	0	0
𢱑	0	0
嗄	0	0
殄	0	0
璽	0	0
銾	0	0
挱	0	0
玖	0	0
埕	0	0
猢	0	0
踽	0	0
燘	0	0
摎	0	0
敕	0	0
縝	0	0
蟛	0	0
棖	0	0
鋌	0	0
麖	0	0
皎	0	0
𢃇	0	0
蹶	0	0
夔	0	0
漣	0	0
霓	0	0
𠺌	0	0
幀	0	0
阝	0	0
鷓	0	0
顰	0	0
騭	0	0
脌	0	0
枳	0	0
巉	0	0
𡳞	0	0
虍	0	0
幡	0	0
杧	0	0
曷	0	0
莘	0	0
罡	0	0
惺	0	0
鑔	0	0
𨂽	0	0
揗	0	0
麩	0	0
耙	0	0
兑	0	0
軲	0	0
冖	0	0
欼	0	0
斲	0	0
讖	0	0
