word	cantonese_count
嘅	45136
係	32679
我	27629
都	26625
佢	23029
唔	19775
你	18775
咗	16215
有	15868
咁	14820
好	14682
就	12730
啲	11768
到	10998
個	10662
同	10434
人	10307
會	9747
呢	9224
睇	9077
冇	8212
可以	8178
喺	8127
又	7587
真係	7549
要	7329
我哋	6976
唔係	6519
做	6232
去	5928
但	5810
嚟	5733
講	5716
得	5454
自己	5430
佢哋	5358
咩	5184
想	5142
話	5140
啊	5091
噉	5036
嘢	5001
一	4687
用	4677
過	4225
年	3963
畀	3808
先	3788
多	3767
覺得	3697
因為	3685
如果	3684
其實	3671
好似	3557
返	3484
諗	3457
呢個	3407
下	3365
好多	3351
所以	3316
就係	3095
幾	3059
仲	2994
而	2917
唔好	2911
但係	2881
呀	2854
已經	2795
食	2772
點	2753
打	2726
即係	2712
喇	2707
應該	2636
買	2627
住	2589
唔知	2552
對	2547
出	2542
俾	2539
大	2513
不過	2499
點解	2435
而家	2427
之後	2409
香港	2383
嗰	2326
再	2311
為	2303
上	2290
同埋	2285
叫	2245
可能	2230
無	2219
知	2127
隻	2122
喎	2110
最	2095
問題	2094
有冇	2089
呢啲	2058
將	1950
唔使	1931
或者	1930
比	1864
月	1852
埋	1842
𡃉	1810
大家	1761
等	1760
仲有	1689
嗰啲	1676
入	1665
有啲	1659
鍾意	1648
開始	1634
係咪	1631
識	1613
未	1612
兩	1594
由	1546
噉樣	1544
玩	1539
你哋	1508
當	1485
囖	1473
其他	1465
仔	1448
事	1433
人哋	1432
緊	1427
時間	1419
完	1409
問	1404
錢	1367
少	1358
唔同	1351
度	1340
乜	1330
走	1325
起	1325
幫	1316
位	1311
成日	1298
依家	1287
中	1280
開	1276
之前	1274
快	1273
種	1260
死	1254
以	1251
條	1248
樣	1248
見	1242
黎	1234
見到	1228
只係	1217
令	1197
新	1193
聽	1187
地	1166
號	1162
後	1160
間	1156
一樣	1154
成	1140
夠	1127
一齊	1117
搞	1116
邊	1115
嗰個	1103
需要	1090
高	1082
邊個	1081
最後	1079
一定	1073
時候	1052
時	1035
波	1034
太	1032
朋友	1021
屋企	1012
日	1005
巴	1004
乜嘢	994
囉	989
連	985
架	981
今日	980
更	978
公司	978
落	978
算	963
女	951
被	949
拎	941
英文	940
地方	939
嘅話	930
靚	926
希望	923
雖然	918
知道	914
啱	908
入面	902
咪	900
左	893
亦	886
勁	877
正	875
整	874
來	867
跟住	863
點樣	860
嗎	852
以前	851
誒	845
完全	831
變	819
差	816
班	816
難	815
寫	804
放	803
明	802
件	800
前	798
驚	797
三	781
除咗	771
就算	769
幾多	764
然後	763
日本	762
可	756
行	756
狗	745
定	745
重	743
帶	740
機會	736
學	734
美國	732
世界	731
分	728
中國	728
加	726
吖	722
而且	721
少少	720
發現	716
個人	708
系	708
本身	707
蚊	706
請	704
根本	700
所有	697
原來	695
場	694
張	691
喺度	691
垃圾	684
晒	683
一啲	682
嗰陣	679
啱啱	677
比較	673
方法	672
名	671
揀	667
至	665
以為	665
賣	664
嚹	663
次	661
感覺	661
重要	655
水	655
或	652
笑	650
細	650
讀	650
更加	646
贏	644
跟	643
手	643
有時	636
站	625
響	621
之	618
國家	617
開心	615
教	612
野	610
既	609
似	609
今次	607
特別	604
冇乜	595
著	592
笑聲	591
繼續	584
個個	583
淨係	582
生活	577
啫	576
情況	574
及	574
呢度	573
女仔	573
試	571
記得	568
陣	565
攞	565
頭	563
當然	560
好好	560
低	560
路	558
上面	556
影響	555
換	554
車	554
一直	548
機	547
㗎	542
其中	540
工作	535
份	534
例如	534
果	533
錯	532
第一	529
全部	528
樓主	525
發生	525
轉	525
踢	522
坐	522
飲	522
小	521
易	521
亦都	517
第	516
款	515
廢	514
真	513
輸	510
隊	509
字	508
收	507
大陸	506
認	506
政府	505
送	502
哦	501
嘞	500
套	498
只	495
生	495
耐	494
文	493
揾	493
落去	493
即刻	487
決定	485
的	482
阿	481
於	480
同時	478
望	476
女人	473
研究	473
正常	471
本	471
工	469
多謝	466
直接	464
通常	463
仲係	463
四	462
包括	461
貴	461
馬	460
區	459
飛	458
好睇	458
歲	457
即	457
早	456
愛	456
發展	456
分別	456
醫生	455
簡單	455
咋	453
設計	453
篇	448
跑	447
姐	447
書	447
平時	447
依	444
成為	444
最好	443
學生	442
平	441
面	439
內	438
不如	437
老	436
估	436
心	435
舊	435
街	433
優惠	431
原因	430
聽日	428
爆	427
關係	426
拉	426
定係	426
哩	424
版	424
電話	423
另外	423
有得	422
道	422
改變	420
雞	417
相	417
部	415
信	415
影	415
嗯	414
計	413
非常	411
結果	411
卡	411
能力	409
畫	409
片	409
超	409
每	408
選擇	408
語言	406
拍	405
從	404
味	404
梗係	401
當時	397
留	396
主要	396
嚇	395
掂	395
相信	394
傾	394
代表	392
一日	392
英國	391
句	389
成功	388
約	387
人類	386
球	385
戲	385
腳	385
理	385
今	382
反而	382
改	381
甚至	381
講嘢	381
任何	380
好耐	380
得到	379
男人	377
分鐘	377
鐘	377
嗰度	377
無人	377
試過	377
圖	376
社會	376
並	375
黑	374
學校	374
佬	373
身體	371
香港人	370
同一	370
食物	368
萬	367
做嘢	367
嘛	366
討論	364
慢慢	362
類	361
好過	360
大學	360
指	360
長	359
文化	359
怕	358
越	358
掌聲	358
段	357
%	357
第二	355
所	354
故事	354
係唔係	354
向	352
提供	352
幾時	352
靠	351
嗰時	351
線	350
神	348
家	347
服務	347
番	346
今年	345
電影	344
唔通	344
排	343
小朋友	341
斯	339
為咗	339
差唔多	338
屎	337
返工	336
使	335
擺	335
嘩	335
分享	334
日日	334
數	333
歌	332
炒	332
飯	332
點知	332
腦	329
紅	329
聲	329
譬如	328
清楚	327
綫	325
粒	322
着	322
之間	322
瞓	322
抽	321
假	321
興趣	320
方面	320
解決	320
包	320
型	320
之外	319
健康	319
留意	319
準備	317
邊度	317
控制	316
升	315
介紹	315
過去	314
曾經	314
能夠	314
集	312
追	312
辛苦	312
樓	312
出現	311
仲要	310
明明	309
旅行	308
五	308
衰	308
企	308
嬲	307
同事	306
環境	306
病	306
洗	304
意思	304
利	304
方式	304
肯	302
最近	302
六	302
系統	302
壓力	301
內容	301
令到	301
半	300
者	300
方便	299
衫	299
一半	298
口	298
頂	298
每日	298
活動	297
好彩	297
十	295
終於	295
近	295
肥	293
關	293
單	293
電腦	293
計劃	292
角色	291
身	290
花	290
叫做	290
屋企人	290
米	289
中文	289
受	289
訓	288
要求	288
只要	288
性	288
力	287
絲	287
一路	286
煮	286
執	286
遠	284
一係	283
接受	282
建議	281
眼	281
幫手	281
一般	280
酒店	280
唔記得	280
起碼	279
考	279
資料	279
油	279
愈	278
最多	278
加入	276
與	274
提	274
真心	274
肯定	274
解釋	274
反應	273
地球	273
呃	273
支持	272
變成	272
無論	271
杯	271
音樂	271
有關	271
返去	271
容易	270
嫁	270
未必	270
尾	270
運動	269
派	269
殺	268
石	268
清	268
經濟	268
巴士	268
做乜	268
養	267
和	266
只有	266
唱	265
二	264
入去	264
把	263
城市	263
未來	262
空間	262
產品	262
細個	262
努力	261
敢	260
扮	260
貓	260
期	260
添	259
首	258
認真	258
全	257
明顯	257
今晚	257
究竟	256
以上	256
美	255
熱	255
作為	255
濕	255
俾人	255
自然	254
喂	254
廣東話	253
底	253
星期	252
絕對	252
關於	252
地區	252
感	252
由於	251
有錢	250
證明	250
跌	250
男	250
肉	250
科	250
永遠	249
西	249
嚟講	249
男仔	249
女朋友	248
掛	248
老豆	248
客	248
資源	247
對方	247
答	247
教育	247
港	247
裏面	247
賺	246
覺	246
明白	245
喊	245
多數	245
出去	244
經歷	244
唔錯	244
讀書	243
女性	243
老母	242
遊戲	242
星	242
同學	242
主	242
皮	242
普通	241
國	241
色	241
眾	241
使用	240
貼	240
人工	240
友	240
東	239
反	238
推	238
附近	238
技術	238
年代	238
同樣	238
先至	238
基本上	238
唯一	237
存在	236
豬	236
中學	235
老婆	235
交	235
解	234
隔離	234
科技	234
自	234
抵	234
老師	233
牙	233
王	233
停	232
網	232
實	232
透過	232
幾好	232
角	231
價錢	231
突然	230
飛機	230
真正	229
金	229
頭先	229
嗰陣時	229
一下	228
鬼	228
搭	228
牌	228
登	227
法	227
夾	227
拿	226
加上	225
麻煩	225
同人	225
強	224
所謂	224
傷	224
中間	224
當中	224
痛	223
到底	223
安全	223
正式	223
白	222
膠	222
台	221
表現	221
價	221
文章	221
到時	221
揸	221
外國	220
身邊	220
大概	220
魚	220
以下	220
叻	220
現實	219
晚	219
記	219
唉	218
山	218
大腦	218
澄	218
位置	217
對於	217
上去	216
發	216
竟然	216
支	216
吸引	216
動物	216
病人	216
經過	215
首先	215
效果	215
超過	214
下次	214
男朋友	213
人生	213
已	213
舒服	213
香	213
得閒	213
諗法	213
拜	212
例子	211
出來	210
黐線	210
始終	209
上網	209
經驗	209
韓國	209
億	209
用嚟	209
適合	208
能	207
煩	207
大部分	207
手機	207
作品	207
折	207
怪	206
電視	206
部分	206
料	206
龍	206
化	205
學習	204
比賽	204
答案	204
光	204
個月	204
食飯	204
講真	203
黃	202
達	202
一陣	202
外	201
房	200
等等	200
仍然	199
燈	199
傻	199
作	199
生命	199
德	199
一場	199
訂	198
考慮	198
塊	198
歷史	198
牛	198
壞	197
咬	197
拖	197
行為	197
中心	197
嚴重	196
跳	196
法國	196
係噉	196
唔見	196
射	195
吹	195
重點	195
妹	195
當年	194
申請	194
配	194
減	194
全球	194
不斷	193
翻	193
新聞	193
想像	193
功能	193
吓	193
夜晚	192
處理	192
保護	192
較	192
冇用	192
大把	192
人口	191
撞	191
上次	191
緊要	191
小心	190
事實	190
擔心	190
各位	190
老細	190
原本	189
貨	189
歐洲	189
組織	189
之一	189
搶	188
裝	188
免費	188
曬	188
粉	188
產生	188
靚仔	188
慢	187
中意	187
遇到	187
店	187
過程	187
暫時	186
接	186
屋	186
皇	186
幾耐	185
食嘢	185
硬	184
慘	183
增加	183
細佬	183
值得	182
次次	182
亂	182
各	182
鬧	182
家庭	181
後面	181
傳	181
極	181
醫院	181
總	181
屆	181
陳	181
季	180
一早	180
電	180
周圍	180
餐廳	180
老公	180
小學	179
傾偈	179
全世界	179
頭髮	178
後悔	178
歡迎	178
甩	178
子	178
悶	177
補	177
價值	177
角度	177
目標	177
皮膚	177
陪	176
市場	176
感受	176
大佬	176
回	175
感情	175
元	175
獨立	175
科學	175
個位	174
收到	174
國際	174
某	173
報	173
八	173
銀行	173
海	173
嘢食	173
進行	172
基本	172
離開	172
的確	172
層	172
醒	172
擁有	172
南	172
推介	172
捉	171
有用	171
借	171
忍	171
傳統	171
會同	171
網上	171
放棄	170
完成	170
除非	170
理由	170
燒	170
公	170
簽	169
公園	169
屈	169
世紀	169
禮拜	169
琴日	169
以及	168
受到	168
熟	168
大約	168
冇嘢	168
滿	167
照	167
左右	167
結婚	167
下面	167
利用	167
湯	167
起身	167
支援	167
粵拼	167
情緒	166
碟	166
餐	166
至少	165
發覺	165
因	165
減少	165
屬於	165
合作	165
爾	165
遲	164
倒	164
改善	164
經	164
根據	164
信用卡	164
必須	164
主動	163
機場	163
溝通	163
按	163
劇情	162
聲音	162
味道	162
七	162
乾	162
哥	162
幫助	161
短	161
觀眾	161
類似	161
面對	161
另一	161
天	159
覆	159
宇宙	159
講緊	159
苗	159
小小	158
戴	158
理解	158
表示	158
妳	158
楔	158
岩	157
前面	157
救	157
串	157
英	157
爭	157
廣告	157
自我	157
紙	157
回覆	157
於是	157
冠軍	156
自由	156
儲	156
工具	156
條友	156
噶	156
睇戲	156
秒	155
袋	155
安	155
刷	154
節目	154
城	154
嘗試	154
成立	154
林	154
好食	154
表達	153
格	153
開頭	153
裏邊	153
爛	152
親	152
尼	152
質素	152
剩係	152
將會	152
課	151
重新	151
自動	151
汁	151
市	151
從來	150
尊重	150
享受	150
寧願	150
早餐	150
音	150
木	150
好多時	150
煲	150
即使	149
普通話	149
如	149
一邊	149
物	149
網站	149
州	149
堆	148
右	148
放假	148
創造	148
資訊	148
得出	148
事實上	148
搞掂	148
特登	148
方向	147
齊	147
政治	147
文字	147
零	147
球員	146
性格	146
夜	146
將來	146
留言	146
剪	146
地鐵	146
縣	146
處	145
媽媽	145
澳門	145
建立	145
特	145
影相	145
在	144
團	144
消失	144
掉	144
靚女	144
彈	144
父母	144
至於	144
部份	144
BB	144
還	143
習慣	143
進步	143
師傅	143
材料	143
生物	143
華	143
島	143
意見	142
氣	142
單位	142
建築	142
接觸	142
細胞	142
考試	141
後來	141
表演	141
創意	141
一切	141
藝術	141
踩	141
車站	141
選舉	141
冇事	141
程度	140
對面	140
製造	140
批	140
門	140
流	140
足	140
定義	140
咖啡	140
期間	140
得意	140
選	139
知識	139
血	139
專業	139
搬	139
應	139
翻譯	139
攰	139
重有	139
辦法	138
戲院	138
該	138
盡	138
千	138
數字	138
幾乎	137
注意	137
騎	137
雲	137
搞笑	137
人話	137
數據	137
座	137
以後	136
先知	136
生存	136
隔	136
甜	136
鋪	136
皇馬	135
欣賞	135
英雄	135
菜	135
德國	135
保	135
參加	135
幅	135
印度	135
茶	135
歐	135
憎	135
隊長	134
幸福	134
非	134
速度	134
頁	134
破壞	134
佐	134
睡眠	134
凍	134
瞓覺	134
邊啲	134
可惜	133
機器	133
星球	133
任	133
奶	133
沖	133
通過	133
拍拖	133
顯示	133
廿	133
算啦	133
分手	132
偷	132
意義	132
塞	132
會員	132
制	132
屬	132
大個	132
李	132
最尾	132
尤其	131
因此	131
出街	131
嗌	131
合理	130
信心	130
記憶	130
迷	130
好心	130
動	130
造成	130
沙	130
後生	130
上年	130
日子	129
穩定	129
狀態	129
盒	129
唔單止	129
反正	128
故	128
插	128
逼	128
預	128
準	128
租	128
路線	128
滿足	128
複雜	128
入邊	128
台灣	127
動作	127
結束	127
範圍	127
九	127
挑戰	127
治療	127
北	127
嗱	127
機械人	127
主角	126
時代	126
畢業	126
澳洲	126
一刻	126
依個	126
瘋狂	125
認識	125
顏色	125
負責	125
百	125
有趣	125
牆	125
骨	125
樹	125
村	125
畀人	125
行動	124
浪費	124
老闆	124
炸	124
危險	124
自殺	124
員工	124
概念	124
最終	124
大部份	124
讚	124
合	123
實力	123
唯有	123
水平	123
精神	123
製作	123
抄	123
大量	123
經常	123
原	123
主題	123
參與	123
臺灣	123
亞	123
B	123
利申	123
媽	122
深	122
訓練	122
直到	122
導致	122
地下	122
加埋	122
進入	121
決賽	121
黑色	121
量	121
糖	121
轉頭	121
一個人	121
點算	121
讓	120
報告	120
純粹	120
本來	120
意	120
碼	120
有效	120
阿媽	120
身上	120
責任	119
瘦	119
奇怪	119
總之	119
時期	119
禮物	119
除	119
電子	119
輕鬆	118
成績	118
投資	118
蛋	118
事件	118
開放	118
當地	118
酸	118
軟	118
咦	118
掛住	118
組	117
介意	117
實際	117
緊張	117
天氣	117
獲	117
宣佈	117
距	117
使用者	117
小編	117
打機	117
芝士	117
直	116
防守	116
臭	116
尷尬	116
級	116
亞洲	116
古	116
企業	116
宮	116
好嘢	116
心情	115
印象	115
參考	115
火	115
權	115
飲食	115
入場	115
目前	115
之中	115
盡量	115
溝	114
隨時	114
公開	114
郁	114
粵語	114
分析	114
切	114
保持	114
運	114
成員	114
鞋	114
素	114
臺	114
聽講	114
羅馬	113
了解	113
倍	113
平衡	113
只不過	113
照顧	113
爸爸	113
提升	113
交通	113
運作	113
能量	113
尋	113
克	113
日文	112
必	112
盤	112
聯絡	112
人士	112
賽	112
體驗	112
個鐘	112
心諗	112
枱	112
痴	112
了	111
查	111
認同	111
播	111
風	111
乾淨	111
值	111
煙	111
寄	111
稱	111
慳	111
返學	111
群	110
期待	110
局	110
迫	110
辣	110
相關	110
犀利	110
回贈	110
一世	110
代	109
後備	109
之類	109
安排	109
長期	109
渣	109
力量	109
封	109
基因	109
蜘蛛	109
朱古力	109
梗	109
懷疑	108
泰國	108
系列	108
豐富	108
創作	108
乘客	108
冇錯	108
另	107
警察	107
既然	107
哋	107
畫面	107
記住	107
白色	107
奇	107
最佳	107
周	107
通	107
北京	107
模	107
森林	107
後尾	107
摺	107
可愛	106
心態	106
態度	106
撐	106
維持	106
投票	106
股	106
濃	106
旅遊	106
斬	106
植物	106
病毒	106
疫情	106
位於	106
公屋	106
失敗	105
求	105
對手	105
聯賽	105
出聲	105
順	105
好感	105
老鼠	105
生意	105
收入	105
好處	105
管理	105
雙	105
變化	105
測試	105
唔止	105
遲啲	105
足球	104
無限	104
等於	104
生日	104
足夠	104
標準	104
版本	104
方	104
酒	104
紅色	104
羅	104
版主	104
母	104
正確	103
中場	103
窮	103
條件	103
散	103
懶	103
即時	103
砌	103
之下	103
刺激	103
實驗	103
針	103
演講	103
焗	103
球證	103
填	102
加油	102
斷	102
廁所	102
元朗	102
印	102
接近	102
忽	102
團隊	102
甘	102
聖	102
形成	102
淨	102
嚟自	102
返來	102
如何	101
小時	101
練	101
下下	101
傷害	101
閘	101
有心	101
拆	101
藥	101
鬥	101
厚	101
藥物	101
廣州	101
冇錢	101
推薦	100
賭	100
休息	100
同意	100
風格	100
功課	100
趕	100
表	100
現代	100
活	100
來回	100
信息	100
唧	100
邏輯	99
分開	99
請問	99
普遍	99
大多數	99
搽	99
平均	99
東京	99
甲	99
好奇	99
風險	99
九龍	99
吸收	99
蝦	99
負	99
堂	99
紋	99
品	99
世界上	99
幾大	99
實在	98
漫畫	98
依然	98
廠	98
更新	98
筆	98
錫	98
出面	98
持續	98
比起	98
結	98
比例	98
任務	98
表面	98
機票	98
結構	98
發明	98
19	98
體	98
設	98
區域	98
嘉	98
家姐	98
只需	98
里	98
似乎	97
不同	97
關心	97
心理	97
針對	97
成本	97
戰	97
離	97
經典	97
民主	97
官	97
份量	97
大型	97
收埋	97
一部分	97
入波	97
打得	97
返嚟	97
思考	96
攻	96
毒	96
距離	96
競爭	96
清潔	96
面前	96
急	96
互相	96
目的	96
死亡	96
超級	96
做法	96
身份	96
訊息	96
博物館	96
實際上	96
失去	95
母語	95
英超	95
口味	95
連續	95
樂	95
甜品	95
相對	95
年紀	94
退	94
灰	94
鏡頭	94
通知	94
限制	94
相反	94
敏感	94
寶	94
韓	94
程式	94
界	94
編輯	94
咁上下	94
直頭	94
肌膚	94
事情	93
打算	93
兄弟	93
消息	93
旺角	93
獲得	93
節	93
吉	93
布	93
網民	93
學識	93
咪又係	93
大隻	93
當初	92
私人	92
意外	92
氣氛	92
手指	92
威脅	92
造型	92
驚喜	92
獎	92
消費	92
機構	92
葉	92
迪	92
整個	92
整到	92
朝早	92
達到	91
新手	91
爺爺	91
工程	91
完美	91
特色	91
世	91
蛋糕	91
鹹	91
譯	91
民	91
聯	91
何	90
好笑	90
手足	90
球迷	90
道理	90
制度	90
淡	90
記者	90
因素	90
鐵	90
模式	90
橋	90
劉	90
D	90
post	90
下年	90
仁	90
舖	90
相處	89
恐怖	89
愛情	89
宣傳	89
手術	89
夏天	89
假設	89
技巧	89
一百	89
圖書館	89
引	89
漏	89
客人	89
打卡	89
正正	89
浸	89
ok	89
各種	89
唔好意思	89
留低	89
講下	89
人人	88
真實	88
舉行	88
執行	88
船	88
公平	88
命	88
抑鬱	88
讀者	88
熊	88
興奮	88
伏	88
慣	88
毛	88
地圖	88
提高	88
塔	88
抑鬱症	88
鎮	88
結局	87
畫畫	87
初	87
管	87
圈	87
世界盃	87
共	87
紀錄	87
交流	87
加拿大	87
巴黎	87
土地	87
媽咪	87
來自	87
醫療	87
引起	87
景	87
充滿	87
議員	87
食品	87
捱	87
疾病	87
兼	87
我們	86
回憶	86
衝	86
放低	86
爽	86
門口	86
醫	86
政策	86
副	86
聖誕	86
貪	86
之餘	86
入口	86
嘈	86
盃	86
隊友	85
無聊	85
題	85
階段	85
品牌	85
空氣	85
改名	85
指定	85
新鮮	85
形式	85
補充	85
分子	85
痕	85
普	85
搞亂	85
紐約	85
地位	84
弱智	84
免	84
檔	84
商場	84
鏡	84
數學	84
集中	84
總統	84
飲品	84
網絡	84
史	84
口感	84
酒精	84
碳	84
J	84
唔緊要	84
麻麻	84
其	83
丫	83
樓下	83
訪問	83
有事	83
作用	83
威	83
滑	83
湧	83
形	83
美金	83
蓋	83
fd	83
泰	83
睇法	83
一點	82
題目	82
相同	82
忙	82
話題	82
碗	82
失望	82
摸	82
整體	82
鼓勵	82
大人	82
屯門	82
當日	82
阻止	82
復	82
雷	82
治	82
牛肉	82
青	82
醬	82
科學家	82
享	82
襯	82
搞到	82
上堂	82
堅持	81
勝	81
嫌	81
思想	81
演員	81
設定	81
避免	81
作家	81
大大	81
自從	81
舉	81
商業	81
確保	81
元素	81
泊	81
媒體	81
探索	81
正如	81
出世	81
撳	81
十分	80
家人	80
資格	80
保險	80
守	80
防	80
主場	80
武器	80
對話	80
夢想	80
願意	80
盾	80
肚	80
有份	80
有限	80
博	80
社交	80
非洲	80
項目	80
互動	80
營養	80
兜	80
本地	80
率	80
琴晚	80
鬱	80
出事	79
招	79
理論	79
佔	79
太陽	79
輕	79
精華	79
精	79
戰爭	79
廣東	79
面積	79
肌	79
火星	79
冇所謂	79
先生	78
期望	78
深度	78
大聲	78
牌子	78
痛苦	78
藍	78
快樂	78
關鍵	78
反映	78
出名	78
法律	78
為止	78
遮	78
撈	78
綠色	78
海鮮	78
谷	78
單車	78
登記	78
航空	78
一代	78
也	77
主持	77
刀	77
哈哈	77
傷心	77
攪	77
證據	77
靜	77
祝	77
保障	77
講法	77
家長	77
人物	77
夢	77
春	77
需求	77
藍色	77
網路	77
留名	77
設施	77
取	77
鐵路	77
聖經	77
列車	77
邊間	77
港女	77
高質	77
突然間	76
成熟	76
手套	76
教練	76
餅	76
噴	76
疤	76
好人	76
取代	76
慶祝	76
行業	76
娛樂	76
數量	76
煎	76
圍	76
美元	76
祖	76
社區	76
伊朗	76
蘭	76
唔怪得	76
睇好	76
相當	75
演唱會	75
拒絕	75
冷靜	75
女神	75
捧	75
蛇	75
移民	75
蝕	75
專	75
突破	75
最少	75
聯盟	75
冠	75
有機	75
腸	75
現時	75
方案	75
碎	75
巴西	75
奧	75
立	75
患	75
阿富汗	75
26	75
一次過	75
故仔	75
是	74
造	74
蠢	74
自信	74
禁	74
本土	74
再次	74
大自然	74
太空	74
師兄	74
環	74
師	74
勻	74
採用	74
維	74
髮	74
唔該	74
就快	74
有多	74
不	73
唱歌	73
程	73
要點	73
重複	73
吾	73
成長	73
西方	73
入手	73
彩	73
中華	73
冰	73
糧	73
中央	73
一千	73
現金	73
評	73
震	73
天然	73
倫敦	73
瞭解	73
脆	73
製	73
鬼佬	73
今時今日	73
哎吔	73
回應	73
明知	72
收工	72
報警	72
內心	72
進攻	72
真人	72
黑人	72
純	72
控	72
熄	72
褲	72
模型	72
人氣	72
丁	72
課程	72
業主	72
項	72
謝	72
秘密	72
恐懼	72
快速	72
輸入	72
伯	72
興	72
領域	72
M	72
只會	72
吹水	72
老實	71
樓上	71
排名	71
鼻	71
合約	71
爆炸	71
來源	71
提醒	71
銀	71
關注	71
板	71
冬天	71
疫苗	71
西班牙	71
基	71
m	71
一排	71
家下	71
會見	71
講者	71
𠻹	71
神經	70
禁區	70
冷氣	70
理想	70
好玩	70
追求	70
形容	70
大阪	70
耳	70
發達	70
投入	70
駁	70
兒童	70
賓	70
地點	70
河	70
日期	70
根	70
爆發	70
希臘	70
拍攝	70
伊	70
呎	70
夠膽	70
放工	70
第二日	70
証	70
咳	69
失	69
打手	69
攻擊	69
技	69
教授	69
組合	69
情	69
肌肉	69
玻璃	69
荃灣	69
暴力	69
保留	69
調	69
環保	69
直至	69
雪	69
額外	69
列	69
啱啱好	69
細路仔	69
連登	68
想法	68
排隊	68
北韓	68
對比	68
化妝	68
會話	68
羊	68
偏	68
打電話	68
報紙	68
限	68
一流	68
觀察	68
思維	68
田	68
朱	68
組成	68
一共	68
CD	68
步	67
正面	67
付出	67
動力	67
簡	67
教學	67
新人	67
星期六	67
曼聯	67
反對	67
職業	67
綠	67
強大	67
行李	67
俄羅斯	67
超越	67
用途	67
漢	67
鍾	67
楊	67
航	67
潮	67
則	67
物件	67
遊	67
種植	67
唔切	67
好鬼	67
艾	67
講笑	67
返屋企	67
刻	66
幻想	66
上場	66
黑哨	66
賺錢	66
偉大	66
技能	66
有種	66
殘	66
後果	66
外賣	66
馬路	66
另一半	66
灣	66
口罩	66
費	66
咖哩	66
員	66
戰術	65
成年	65
明星	65
好聽	65
優勢	65
流行	65
飽	65
承認	65
確實	65
軍隊	65
學院	65
限定	65
國王	65
心機	65
字母	65
馬來西亞	65
邨	65
利益	64
哈	64
下場	64
幕	64
別	64
越來越	64
意識	64
男女	64
超人	64
新加坡	64
搏	64
賤種	64
輪	64
落地	64
收費	64
提出	64
閃	64
文件	64
蘋果	64
質	64
投訴	64
內地	64
計算	64
宗教	64
開發	64
專家	64
居民	64
朝	64
置	64
鹽	64
廣	64
分分鐘	64
啖	64
諗住	64
頂唔順	64
餸	64
票	63
打開	63
吹奏	63
背景	63
粗	63
工人	63
左邊	63
減肥	63
剩	63
官方	63
高層	63
賴	63
全新	63
部門	63
信任	63
叔	63
掌握	63
露營	63
頸	63
一帶	63
恩	63
軍	63
你好	63
講話	62
成就	62
珍惜	62
難得	62
告	62
檢查	62
發揮	62
扯	62
院	62
箱	62
道德	62
空	62
錄	62
碼頭	62
記錄	62
浪漫	62
危機	62
小食	62
展	62
做咩	62
園	62
地底	62
巖	62
舊年	62
鄉	62
文學	61
誇張	61
右邊	61
補習	61
缺點	61
現場	61
背後	61
假期	61
詞	61
錯誤	61
美好	61
妝	61
阻	61
馬會	61
寵物	61
日後	61
草	61
事業	61
舞	61
建築物	61
側	61
迪士尼	61
特殊	61
公佈	61
語	61
檔案	61
行星	61
一本	61
半場	61
只能	61
用家	61
穿	60
年輕	60
必要	60
逐	60
歌手	60
表情	60
球隊	60
類型	60
枝	60
矮	60
扣	60
含	60
直播	60
上升	60
放大	60
負擔	60
激	60
認知	60
廳	60
血液	60
調查	60
金鐘	60
症	60
分類	60
屙	60
肥胖	60
專登	60
是但	60
篤	60
踢波	60
認為	59
忘記	59
對象	59
犯	59
放心	59
曾	59
賊	59
狂	59
得罪	59
導演	59
博士	59
嘴	59
花生	59
相似	59
以外	59
同好	59
棍	59
黃色	59
薄	59
卷	59
海洋	59
全面	59
隨	59
泥	59
分店	59
鴨	59
富	59
隧道	59
早期	59
推廣	59
透	59
廣場	59
感染	59
新界	59
梅	59
微	59
規模	59
裝置	59
會議	59
吳	59
唔只	59
有排	59
氹	59
江	59
然之後	59
批評	58
困難	58
星期日	58
智	58
調整	58
翼	58
婚	58
職員	58
道歉	58
作者	58
近年	58
相機	58
變態	58
單一	58
越南	58
包裝	58
物質	58
抗	58
婆	58
詩	58
市區	58
具	58
引擎	58
積分	58
過份	58
湖	58
能源	58
對唔住	58
府	58
癌症	58
蜂	58
聰明	57
反擊	57
簡稱	57
簡直	57
跑步	57
滿意	57
賠	57
自爆	57
收集	57
趁	57
判	57
節奏	57
司機	57
適應	57
曼	57
發表	57
年齡	57
降低	57
堅	57
一面	57
淘	57
豪	57
革命	57
充實	57
館	57
液	57
福	57
通車	57
U	57
勤力	57
狀	57
哥哥	56
弱	56
影片	56
槍	56
五毛	56
跳舞	56
姐姐	56
章	56
果然	56
差距	56
男友	56
後期	56
形象	56
市民	56
憑	56
順利	56
公主	56
入侵	56
情感	56
暑假	56
男性	56
埃及	56
雀	56
進化	56
成分	56
主席	56
符合	56
棟	56
之所以	56
視	56
體育	56
並且	56
諾	56
近排	56
咯	55
重視	55
內向	55
包含	55
穩	55
大力	55
見面	55
帽	55
暗	55
民族	55
麻	55
熟悉	55
人數	55
坑	55
供	55
在於	55
錄音	55
飲酒	55
新年	55
宗	55
皇帝	55
領袖	55
捨得	55
息	55
維基	55
牛油	55
OK	55
鮮	55
公仔	55
埋去	55
擺明	55
核突	55
求其	55
百分之	55
設有	55
連結	55
很	54
順便	54
立即	54
釋放	54
基礎	54
智慧	54
事物	54
詳細	54
錯過	54
福利	54
雙方	54
六月	54
掃	54
高達	54
邀請	54
止	54
金屬	54
品種	54
美食	54
現象	54
購買	54
擴	54
齋	54
阿爸	54
食譜	54
他	53
此	53
可憐	53
玩具	53
扔	53
中堅	53
髮型	53
棄	53
縮	53
黑暗	53
律師	53
大學生	53
星期一	53
降	53
聯繫	53
應用	53
窗	53
臨	53
細節	53
衝突	53
經理	53
英語	53
停車場	53
晚餐	53
霸	53
增長	53
實用	53
罐	53
邦	53
標籤	53
蟹	53
預計	53
器	53
月經	53
玫瑰	53
化學	53
超市	53
農業	53
儲存	53
簽賬	53
闊	53
feel	53
冇計	53
沖涼	53
越嚟越	53
連埋	53
受傷	52
冷	52
出發	52
動畫	52
續	52
歧視	52
餵	52
標題	52
注	52
熱門	52
精彩	52
操	52
牛奶	52
下降	52
龍門	52
二手	52
交易	52
帝國	52
轉變	52
獨特	52
輝	52
醫學	52
之內	52
實驗室	52
商	52
in	52
一塊	52
啤啤	52
嘥	52
回歸	52
手上	52
註	52
d	51
保證	51
小弟	51
感到	51
停止	51
復活	51
背	51
合格	51
理念	51
可能性	51
單身	51
少數	51
水準	51
自豪	51
犧牲	51
磅	51
退休	51
眼鏡	51
矛盾	51
壓	51
旺	51
消費者	51
清晰	51
預期	51
大廈	51
經營	51
婦女	51
年輕人	51
首爾	51
領先	51
抹	51
機械	51
蛋白質	51
圖案	51
氣候	51
蔬菜	51
今朝	51
自助	51
手語	51
拗	51
氏	51
硬係	51
聽過	51
落雨	51
多少	50
唸	50
賤	50
汽車	50
巴絲	50
價格	50
耳機	50
辭職	50
上心	50
身材	50
上水	50
依賴	50
靈魂	50
公里	50
爬	50
完整	50
固定	50
統治	50
大波	50
強烈	50
職	50
刺	50
商品	50
銅鑼灣	50
實現	50
婆婆	50
幼	50
策略	50
最初	50
符號	50
首次	50
意粉	50
隆	50
幫襯	50
直程	50
納	50
耳仔	50
舖頭	50
費事	50
鑊	50
恢復	49
公共	49
出道	49
黃金	49
飛行	49
惡	49
老人家	49
尻	49
平日	49
抖	49
培養	49
層次	49
修	49
其餘	49
步驟	49
便	49
神奇	49
準確	49
校	49
服	49
視覺	49
拯救	49
教書	49
烏	49
鳥	49
蘇	49
網頁	49
行政	49
的士	49
蛋白	49
全家	49
成份	49
雪糕	49
坐低	49
拌	49
掟	49
總站	49
非常之	49
忽略	48
後防	48
火車	48
女友	48
一向	48
吊	48
大師	48
涼	48
仔細	48
尿	48
戒	48
手法	48
爭取	48
操作	48
深圳	48
遊客	48
總結	48
損失	48
快活	48
開會	48
物種	48
對應	48
委員會	48
行路	48
翻版	48
詳情	48
撩	48
菲	48
奧地利	48
就嚟	48
後生仔	48
間唔中	48
首都	48
魯	48
取消	47
一生	47
不足	47
扭	47
破	47
出局	47
藉口	47
估計	47
親戚	47
專心	47
言	47
避開	47
加速	47
狼	47
對抗	47
結論	47
哲學	47
規則	47
金錢	47
叉	47
提早	47
種類	47
歸	47
相比	47
論	47
物品	47
蘇聯	47
裝修	47
共同	47
孫	47
濟	47
賽事	47
深水埗	47
儀式	47
同行	47
情人節	47
協助	47
港鐵	47
特定	47
防止	47
阿婆	47
頻率	47
花園	47
註冊	47
鄭	47
好味	47
資金	47
香味	47
據	47
規劃	47
訊號	47
好在	47
用品	47
粵	47
敏	47
預測	47
摩	47
蜜蜂	47
中出	47
互聯網	47
券	47
攬	47
螢幕	47
一系列	47
二氧化碳	47
千祈	47
受歡迎	47
小行星	47
曆	47
沙律	47
街道	47
諗起	47
像	46
投	46
手球	46
放鬆	46
劇本	46
無謂	46
高級	46
評論	46
上司	46
貢獻	46
占	46
少女	46
近期	46
集會	46
密	46
景點	46
加強	46
容	46
業	46
尖沙咀	46
會考	46
月餅	46
筷子	46
脂肪	46
驚訝	46
高度	46
工程師	46
描述	46
軟體	46
食材	46
填海	46
從而	46
石油	46
嘆	46
平台	46
荷蘭	46
菌	46
思	46
連線	46
仔女	46
纖維	46
開幕	46
麗	46
癮	46
陣間	46
發出	45
玩法	45
前鋒	45
負面	45
作客	45
犯法	45
過癮	45
天生	45
房間	45
股票	45
保養	45
學位	45
主人	45
嘔	45
質疑	45
判斷	45
打擊	45
練習	45
良好	45
層面	45
陰	45
上海	45
代替	45
文明	45
確認	45
窄	45
籠	45
盛	45
放過	45
沙田	45
與其	45
講解	45
神秘	45
地址	45
案	45
大埔	45
目	45
過人	45
十足	45
應對	45
展示	45
晴	45
幾點	45
立法會	45
索	45
賢	45
大氣層	45
影像	45
創新	45
生仔	45
金牌	45
po	45
倫	45
室內	45
成世	45
政	45
第日	45
第時	45
著數	45
他們	44
打工	44
人員	44
氣質	44
衝動	44
開口	44
出奇	44
無理	44
利物浦	44
L	44
啪	44
伸	44
歌詞	44
公民	44
助攻	44
避	44
成果	44
遲早	44
兒	44
循環	44
暈	44
質量	44
人民	44
截	44
然	44
現	44
光頭	44
警	44
工業	44
常見	44
灣仔	44
集團	44
雜誌	44
保安	44
圖片	44
需	44
修復	44
標誌	44
麥	44
天皇	44
阿拉伯	44
功效	44
唐	44
評估	44
R	44
仆	44
咸	44
太陽能	44
晏	44
編碼	44
莎	44
薯仔	44
請人	44
阿叔	44
黐	44
否則	43
人手	43
強姦	43
指示	43
分配	43
頂住	43
人性	43
安慰	43
盲	43
圓	43
眼神	43
公會	43
沉	43
講明	43
韓文	43
菲律賓	43
廚房	43
淫	43
紫	43
例	43
把握	43
地鐵站	43
條款	43
笑容	43
認得	43
淺	43
陌生人	43
震撼	43
觀點	43
供應	43
搞錯	43
足以	43
到達	43
智能	43
營運	43
倉	43
時刻	43
海外	43
體會	43
百萬	43
蟲	43
裙	43
卡路里	43
效	43
暖	43
磚	43
龜	43
棵	43
傳播	43
帝	43
按摩	43
氣體	43
洞	43
窿	43
軟件	43
鄉下	43
up	43
乜鬼	43
冧	43
奴	43
專案	43
痾	43
貝	43
起嚟	43
郡	43
仍	42
打死	42
落後	42
勝利	42
星期三	42
白人	42
汗	42
交換	42
藝人	42
難度	42
偽	42
願	42
延長	42
溶	42
中環	42
兵	42
地面	42
統一	42
八月	42
不妨	42
胃	42
奶茶	42
小店	42
小巴	42
接收	42
澳	42
究	42
參觀	42
土	42
雅	42
健	42
數碼	42
東北	42
王國	42
friend	42
中華民國	42
卻	42
响	42
啩	42
樽	42
舊時	42
見工	42
閂	42
雞翼	42
喜歡	41
以至	41
規定	41
常	41
本人	41
出場	41
大戰	41
腫	41
妹妹	41
安心	41
情侶	41
粉絲	41
省	41
外國人	41
障礙	41
隨機	41
日常	41
煩惱	41
凌晨	41
暗瘡	41
橙	41
總會	41
染	41
準時	41
途中	41
傾向	41
數值	41
積	41
側邊	41
黨	41
古代	41
發掘	41
俄	41
傳送	41
耶穌	41
實行	41
大樓	41
帳號	41
瑞典	41
若	41
劑	41
響度	41
字典	41
連接	41
長沙灣	41
居屋	41
杜	41
偉	41
曉	41
總理	41
署	41
先再	41
八達通	41
肥仔	41
小姐	40
表白	40
脾氣	40
居	40
胸	40
物理	40
畢竟	40
交代	40
女士	40
對白	40
地獄	40
大叔	40
導師	40
有時候	40
長度	40
方言	40
見證	40
中途	40
上身	40
火箭	40
大小	40
自身	40
呼吸	40
消滅	40
盡力	40
內部	40
權利	40
到手	40
基於	40
生長	40
行程	40
費用	40
假如	40
聯合	40
刪除	40
報導	40
指出	40
企鵝	40
境	40
權力	40
流動	40
載	40
高階	40
防水	40
政權	40
瑞士	40
適用	40
廣泛	40
候選人	40
增	40
肉酸	40
原始	40
分佈	40
定律	40
抑或	40
蒸	40
貸款	40
醋	40
重大	40
人工智能	40
康	40
收得	40
眼中	40
睇嚟	40
睇落	40
蒂	40
負皮	40
送禮	40
郵票	40
這	39
尋找	39
玩家	39
大賽	39
意味	39
偶像	39
殺死	39
姓	39
華人	39
紙巾	39
毫無	39
炸彈	39
基金	39
地步	39
姊妹	39
承諾	39
和平	39
實習	39
底下	39
心臟	39
種族	39
脆弱	39
南韓	39
鍋	39
專注	39
樓梯	39
領	39
活躍	39
臨時	39
成人	39
農場	39
主打	39
玩完	39
生理	39
從未	39
器官	39
潤	39
莫	39
哎	39
旅	39
當選	39
預防	39
鬆	39
指引	39
司	39
志	39
湯底	39
粗口	39
開通	39
keep	39
作出	39
全日	39
各地	39
咁啱	39
大細	39
大鑊	39
奧林匹克	39
排放	39
玩嘢	39
睇見	39
銀包	39
持	38
往	38
e	38
ge	38
整容	38
部位	38
廢話	38
見識	38
漢字	38
中學生	38
上車	38
獨	38
外表	38
泡菜	38
中午	38
動漫	38
再見	38
反抗	38
學歷	38
恭喜	38
勇氣	38
教訓	38
深刻	38
顯	38
雨	38
升級	38
太過	38
級數	38
名牌	38
演	38
核心	38
死人	38
風景	38
減低	38
傳媒	38
細菌	38
母親	38
融入	38
家族	38
封面	38
提議	38
樂趣	38
德文	38
柱	38
粥	38
對上	38
港姐	38
豆	38
形狀	38
氧氣	38
球會	38
研發	38
儀器	38
陽光	38
促進	38
婚姻	38
款式	38
結合	38
轉車	38
P	38
個案	38
比如	38
牙齒	38
詹	38
阿哥	38
學名	38
打邊爐	38
構成	38
冇問題	38
史上	38
嚿	38
好波	38
小事	38
污糟	38
發夢	38
睇住	38
行山	38
配搭	38
醃	38
隨住	38
食用	38
才	37
無關	37
購物	37
建	37
定點	37
預訂	37
抱	37
露	37
無知	37
無視	37
鬧鐘	37
不得了	37
場面	37
誤會	37
突	37
單純	37
各自	37
拼音	37
下午	37
一模一樣	37
情節	37
拋	37
外面	37
深入	37
被迫	37
南亞	37
有所	37
入行	37
即日	37
沙灘	37
名單	37
達成	37
離婚	37
差異	37
屍	37
承受	37
體重	37
團體	37
移	37
鍵盤	37
佳	37
初期	37
安裝	37
磨	37
立體	37
缺乏	37
職位	37
適當	37
消耗	37
活力	37
淋	37
巨	37
心口	37
歐盟	37
統計	37
英格蘭	37
冬	37
南瓜	37
拼	37
掃描	37
印尼	37
血管	37
大話	37
演變	37
聯合國	37
逐漸	37
事後	37
京	37
全國	37
冚	37
大風	37
就真	37
所需	37
有料	37
有陣時	37
理論上	37
睇過	37
議會	37
郭	37
鼓掌	37
找	36
回答	36
扮演	36
寶石	36
做愛	36
頓	36
主力	36
自私	36
空姐	36
編劇	36
轟	36
吧	36
棒	36
腰	36
勇	36
敵人	36
代理	36
曲	36
遇	36
效率	36
紋身	36
扭曲	36
溝女	36
合照	36
尖	36
一手	36
封鎖	36
獎勵	36
球場	36
旁邊	36
語文	36
青年	36
同感	36
場景	36
櫻	36
無線	36
爐	36
靈感	36
中醫	36
套餐	36
旗	36
疊	36
物料	36
增強	36
往往	36
現有	36
耶	36
番茄	36
糖尿病	36
全球化	36
殼	36
穎	36
虛擬	36
創	36
族	36
義	36
速	36
嘿	36
興建	36
全程	36
初初	36
咩嘢	36
家陣	36
幾廿	36
掣	36
早排	36
洛	36
直情	36
笠	36
輕鐵	36
重覆	36
間房	36
隔籬	36
雪櫃	36
幫忙	35
醜	35
感動	35
積極	35
公廁	35
反派	35
難聽	35
樂觀	35
理性	35
巴塞	35
異性	35
運輸	35
正宗	35
定位	35
充電	35
維修	35
傷口	35
合適	35
解答	35
輕輕	35
聞	35
連鎖	35
上帝	35
自家	35
應付	35
地產	35
場地	35
失業	35
混合	35
租金	35
將軍	35
略	35
粉紅色	35
處於	35
預約	35
機制	35
特點	35
辛	35
推動	35
繁殖	35
探	35
調味	35
中東	35
備用	35
大規模	35
意大利	35
施	35
療程	35
經期	35
傑	35
半島	35
善	35
專員	35
配料	35
醬汁	35
fans	35
三藩市	35
人嚟	35
全港	35
前排	35
呂	35
嗰頭	35
嘍	35
噏	35
完場	35
弗	35
旗下	35
英倫	35
落車	35
託	35
迴	35
美麗	34
長大	34
騎士	34
輸出	34
學術	34
反感	34
吠	34
碌	34
越位	34
無意	34
黃牛	34
語氣	34
清理	34
一時	34
有意思	34
父親	34
西瓜	34
腿	34
多多	34
心跳	34
確定	34
滅	34
機師	34
灑	34
平等	34
熱情	34
觀念	34
會計	34
港島	34
調節	34
通道	34
功	34
工會	34
患者	34
榮	34
症狀	34
航班	34
運費	34
丹	34
分解	34
時裝	34
運用	34
陸	34
並非	34
地盤	34
烏克蘭	34
駛	34
共和國	34
旅程	34
診斷	34
鋼琴	34
儀	34
國會	34
太陽系	34
娜	34
年度	34
抵死	34
擔任	34
物業	34
珠海	34
童	34
納米	34
1999	34
DSE	34
交界	34
以嚟	34
依啲	34
受害者	34
咁滯	34
惹味	34
曆法	34
薑	34
話時話	34
𠺝	34
東西	33
容許	33
高興	33
回合	33
專門	33
上位	33
世界級	33
分身	33
老老實實	33
無奈	33
攝	33
制服	33
戰鬥	33
駕駛	33
領導	33
何況	33
嚴	33
厭	33
資本主義	33
平民	33
鹿	33
孔	33
晉級	33
香蕉	33
同步	33
哇	33
社工	33
罰	33
遲到	33
進度	33
鎖	33
零食	33
他人	33
現今	33
抗拒	33
祝福	33
簽名	33
財富	33
透明	33
頂級	33
指數	33
爭議	33
診所	33
宜	33
尺	33
游水	33
狀況	33
紀念	33
衝擊	33
魔	33
工廠	33
質感	33
驚人	33
先進	33
國內	33
肝	33
奧運	33
模仿	33
過往	33
舒適	33
國民	33
法文	33
物體	33
措施	33
消化	33
用法	33
顧問	33
引發	33
沙漠	33
營地	33
特性	33
設立	33
呵	33
適量	33
餡	33
大堂	33
紐西蘭	33
X	33
hea	33
事關	33
全場	33
劏	33
咪話	33
囡	33
定向	33
扮嘢	33
日頭	33
森	33
泊車	33
胞	33
艙	33
行街	33
回家	32
累	32
隨便	32
圍爐	32
外星人	32
單獨	32
智商	32
出口	32
少量	32
強國	32
優先	32
論壇	32
奴隸	32
淘汰	32
無心	32
演奏	32
續約	32
心目中	32
服裝	32
細心	32
另一方面	32
排除	32
免疫	32
同情	32
命運	32
孤獨	32
護士	32
包容	32
成交	32
高中	32
極限	32
鄧	32
幹	32
手臂	32
擊	32
改革	32
習	32
選手	32
加密	32
版權	32
罪	32
先後	32
王子	32
觀	32
金幣	32
七月	32
佛	32
示範	32
嫩	32
杏仁	32
波蘭	32
注意力	32
綜合	32
象徵	32
辦公室	32
帶領	32
痛楚	32
顧客	32
上述	32
伴	32
彼此	32
招牌	32
移動	32
英里	32
癌	32
脾	32
視乎	32
限時	32
香港島	32
席	32
條約	32
梨	32
發射	32
風味	32
office	32
咖	32
洲	32
秋	32
著名	32
西南	32
赤	32
依度	32
全身	32
唔關事	32
太平洋	32
夾硬	32
妮	32
尋日	32
應用程式	32
有限公司	32
潔	32
白痴	32
維也納	32
緻	32
聲調	32
聽朝	32
蠔	32
飾演	32
看	31
般	31
感謝	31
大膽	31
討厭	31
男子	31
石頭	31
勉強	31
評價	31
姑娘	31
正義	31
手段	31
滅亡	31
偏偏	31
法例	31
變相	31
籃球	31
害	31
娶	31
心急	31
呆	31
坐監	31
塵	31
捐	31
勇士	31
裝備	31
態	31
益	31
罐頭	31
強調	31
片段	31
建造	31
梳	31
漢堡	31
生產力	31
禮	31
學費	31
童年	31
車位	31
圖像	31
櫃	31
軍事	31
外語	31
居住	31
改造	31
玉	31
逢	31
代價	31
句子	31
回收	31
困擾	31
太子	31
絕	31
池	31
生性	31
裸	31
過夜	31
減價	31
特徵	31
學人	31
昆蟲	31
湊	31
論文	31
債	31
引入	31
私	31
籃板	31
電車	31
修改	31
加州	31
您	31
打工仔	31
收錢	31
監控	31
北面	31
按照	31
氧	31
額	31
合併	31
含有	31
好受	31
早前	31
測	31
療法	31
精選	31
中國大陸	31
于	31
剩低	31
務	31
域	31
天份	31
師奶	31
搭車	31
波衫	31
無端端	31
穩陣	31
粟米	31
胰島素	31
舉辦	31
豐	31
難頂	31
難食	31
一起	30
進	30
太太	30
蝗	30
常常	30
餓	30
難以	30
主線	30
屬性	30
才華	30
名校	30
滴	30
晶片	30
垃圾桶	30
原價	30
必然	30
無敵	30
青衣	30
劍	30
法庭	30
開工	30
打破	30
機率	30
溜	30
耐性	30
星期五	30
離譜	30
難民	30
伸手	30
優點	30
性質	30
攻略	30
吞	30
前後	30
禾	30
合法	30
增值	30
起源	30
傳中	30
典型	30
戈	30
拍片	30
畢	30
證實	30
途徑	30
人流	30
仔仔	30
好友	30
牙醫	30
紫色	30
官員	30
武	30
致命	30
蔡	30
頭皮	30
中路	30
展開	30
差別	30
發動	30
跟進	30
鵝	30
單程	30
學者	30
展覽	30
彈性	30
埋單	30
大會	30
攝影	30
其它	30
清新	30
營	30
籃	30
醒目	30
黏	30
情報	30
肉質	30
象	30
雞蛋	30
注入	30
送貨	30
乾燥	30
源	30
烏冬	30
累積	30
黃竹坑	30
show	30
傳遞	30
咩事	30
嚟緊	30
好飲	30
恰	30
應承	30
手袋	30
打波	30
撻	30
晏晝	30
細路女	30
肚餓	30
阿頭	30
剛剛	29
從事	29
幸運	29
臉	29
座位	29
千萬	29
怨	29
主義	29
女團	29
上下	29
智障	29
小學生	29
打爆	29
同班	29
熱狗	29
放學	29
電視劇	29
高手	29
燥	29
精英	29
後者	29
苦	29
誠意	29
過度	29
鑽石	29
題材	29
比喻	29
毛孔	29
靈活	29
上限	29
實質	29
詞語	29
實物	29
時事	29
視野	29
辭	29
陪伴	29
地震	29
聚	29
鏈	29
意志	29
加快	29
覆蓋	29
爺	29
筋	29
觀塘	29
人體	29
共識	29
提示	29
遠離	29
酒吧	29
阿姐	29
伴侶	29
摧毀	29
生態	29
老友	29
部署	29
光澤	29
入境	29
晶	29
當成	29
一號	29
幣	29
得益	29
恐龍	29
西面	29
電郵	29
順序	29
地理	29
滾	29
珠	29
葡萄牙	29
call	29
伊拉克	29
季節	29
標	29
清爽	29
膜	29
許	29
追蹤	29
通訊	29
合成	29
東南	29
火鍋	29
設計師	29
一部份	29
任食	29
冇份	29
出邊	29
剷	29
又話	29
同上	29
就住	29
廢柴	29
建築師	29
慾	29
經已	29
總共	29
老奉	29
行政長官	29
街上	29
西北	29
諮詢	29
間中	29
嬰兒	28
鄰居	28
禮貌	28
運氣	28
啵	28
佩服	28
終	28
整理	28
順眼	28
天真	28
眼光	28
大肚	28
短缺	28
階	28
演技	28
領隊	28
底線	28
人格	28
討論區	28
價值觀	28
動機	28
京都	28
箭	28
腎	28
轉身	28
親自	28
重要性	28
前途	28
安全感	28
罩	28
踏	28
辯論	28
其次	28
彩虹	28
潛水	28
貨車	28
西裝	28
九成	28
佔領	28
原理	28
聲稱	28
世上	28
反彈	28
忽視	28
鑽	28
劃	28
敷	28
門市	28
禮拜六	28
香料	28
上手	28
其後	28
具體	28
因應	28
壽命	28
夏	28
安全套	28
專利	28
戒指	28
櫻花	28
目的地	28
金融	28
申	28
證	28
乘	28
事發	28
卜	28
娘	28
批准	28
提名	28
生果	28
社	28
莉	28
道路	28
丸	28
保險公司	28
喉	28
巨大	28
擊敗	28
蘇格蘭	28
街市	28
課室	28
轉化	28
雜	28
Q	28
下一個	28
吋	28
周街	28
唔單只	28
夾埋	28
峰	28
庫	28
拎走	28
摞	28
曼城	28
松	28
檯	28
私家	28
等如	28
複製	28
譚	28
譬如話	28
轉工	28
量度	28
即將	27
圈子	27
色狼	27
恥笑	27
犯罪	27
請教	27
絕殺	27
請假	27
霸氣	27
起步	27
片尾	27
前者	27
常識	27
建設	27
直線	27
親人	27
體諒	27
絕望	27
走人	27
徹底	27
月球	27
本質	27
大方	27
身高	27
進一步	27
崩潰	27
殖民	27
污染	27
青春	27
原諒	27
反思	27
嘉賓	27
天下	27
混亂	27
潛力	27
解放	27
阿妹	27
分數	27
吸引力	27
下午茶	27
檢討	27
程序	27
街頭	27
串燒	27
己	27
汽水	27
眼前	27
潮流	27
買樓	27
井	27
短途	27
質地	27
遺傳	27
飲茶	27
筆記	27
骨頭	27
一旦	27
互	27
以往	27
托	27
勢	27
喜	27
清洗	27
發光	27
老虎	27
豆腐	27
邪	27
發聲	27
緊急	27
職場	27
草地	27
薪	27
雄	27
公路	27
刪	27
報名	27
塑造	27
士兵	27
市中心	27
折扣	27
效能	27
標記	27
糊	27
肺	27
銷售	27
寫作	27
有助	27
沽	27
港股	27
維他命	27
菇	27
改為	27
欣	27
輔助	27
首期	27
鯨魚	27
一級	27
扒	27
源自	27
總部	27
融	27
軌道	27
迎新	27
離子	27
game	27
一線	27
上個月	27
下晝	27
世界大戰	27
吖嘛	27
啡色	27
噢	27
囝	27
夠鐘	27
審	27
快閃	27
恒	27
會上	27
無綫	27
瑪	27
脷	27
諗返	27
陰公	27
香濃	27
麻辣	27
它	26
俊	26
貧窮	26
起來	26
出生	26
難受	26
反覆	26
開車	26
綜藝	26
勒	26
風氣	26
外人	26
居然	26
初戀	26
用心	26
分裂	26
詛咒	26
髮型師	26
共鳴	26
刻意	26
坦白	26
五月	26
店主	26
萬一	26
號碼	26
輪到	26
前提	26
口音	26
貿易	26
停留	26
平安	26
打針	26
唇膏	26
教會	26
演出	26
精靈	26
長遠	26
亞軍	26
當做	26
資助	26
鐘頭	26
防曬	26
馬主	26
共享	26
噴霧	26
嚴格	26
塞車	26
身形	26
集體	26
世代	26
來往	26
倒數	26
壽司	26
持久	26
葡萄	26
輕易	26
午餐	26
回報	26
擁抱	26
激烈	26
災難	26
簽約	26
諷刺	26
警告	26
重建	26
人權	26
定期	26
小型	26
神話	26
竹	26
簽證	26
二月	26
介面	26
充足	26
再生	26
原先	26
太空船	26
旅客	26
毀滅	26
消毒	26
無數	26
禁止	26
荒謬	26
侵	26
密碼	26
流失	26
財政	26
轉換	26
亡	26
僱主	26
兔	26
啡	26
殖民地	26
一味	26
劇集	26
卡通	26
斜	26
海景	26
潛在	26
粒子	26
聯邦	26
菜式	26
介	26
信號	26
創立	26
永	26
示	26
自助餐	26
試圖	26
陸軍	26
塑膠	26
符	26
識到	26
錦	26
app	26
乜水	26
乳	26
儲錢	26
円	26
即場	26
在座	26
墨西哥灣	26
夏季	26
容量	26
彈牙	26
徐	26
忌廉	26
數目	26
梳化	26
特別行政區	26
獎賞	26
理得	26
瓦	26
私隱	26
聲母	26
腍	26
茄	26
落手	26
蓮	26
行開	26
裝飾	26
變做	26
辭典	26
開胃	26
馬仔	26
沒	25
外來	25
前往	25
女子	25
體力	25
笑話	25
好轉	25
愈來愈	25
論點	25
執着	25
師父	25
低質	25
傳承	25
嘔心	25
有錢佬	25
攻勢	25
時空	25
陰影	25
預告	25
T	25
乖	25
糧食	25
過關	25
商店	25
掙扎	25
邊緣	25
面試	25
操控	25
無辜	25
轉會	25
中產	25
自稱	25
降落	25
同化	25
天使	25
潛	25
水果	25
曲線	25
激動	25
樂壇	25
橫	25
遺憾	25
驗	25
團結	25
屁	25
想像力	25
時光	25
次序	25
水貨	25
財務	25
下手	25
打仗	25
東南亞	25
爸	25
生涯	25
落水	25
公斤	25
協議	25
椰子	25
狗仔	25
網購	25
莊	25
身處	25
個別	25
南非	25
好樣	25
對待	25
業務	25
焦慮	25
網店	25
以來	25
削	25
大嶼山	25
市面	25
攝影師	25
昆	25
盲人	25
警方	25
貨幣	25
防禦	25
九月	25
攝取	25
收購	25
桶	25
母親節	25
沿	25
發售	25
農民	25
頭痛	25
佩	25
岸	25
港元	25
發行	25
靈	25
騎師	25
體能	25
K	25
下話	25
九龍灣	25
偏見	25
延伸	25
擔	25
時段	25
查詢	25
水份	25
衣	25
路軌	25
金星	25
難講	25
餐牌	25
加一	25
命名	25
墊	25
底褲	25
新增	25
有害	25
檸檬	25
獨家	25
腫瘤	25
膏	25
荷爾蒙	25
請求	25
週末	25
韌	25
blog	25
企位	25
入味	25
具有	25
堡	25
屈機	25
帕	25
引致	25
抆	25
捽	25
採	25
未能	25
楚	25
樹木	25
積木	25
笪	25
肚腩	25
膠袋	25
連繫	25
遲下	25
配方	25
鎚	25
首相	25
鯊魚	25
點睇	25
久	24
無能	24
大哥	24
眼睛	24
頻道	24
出手	24
大半	24
聚會	24
可怕	24
獎金	24
規矩	24
對付	24
防線	24
卡片	24
熱血	24
打鬥	24
重量	24
兄	24
冒險	24
手感	24
侮辱	24
緣份	24
出身	24
愉快	24
敗	24
有理	24
男士	24
身份證	24
部隊	24
決	24
考官	24
謝謝	24
醉	24
中伏	24
全職	24
智力	24
保守	24
發音	24
空位	24
身分	24
全力	24
場合	24
奶奶	24
藏	24
遞	24
影響力	24
忽然	24
東方	24
畫家	24
開門	24
劈	24
友誼	24
多餘	24
極度	24
親手	24
贊成	24
個性	24
上映	24
全民	24
大都	24
店員	24
條例	24
死刑	24
芒果	24
花生醬	24
坦	24
存	24
少有	24
現任	24
產業	24
終點	24
風水	24
信仰	24
明確	24
死神	24
珍貴	24
舒緩	24
薯片	24
輕微	24
電池	24
助	24
專輯	24
整合	24
正版	24
頹	24
宣	24
紅磡	24
聆聽	24
享用	24
例外	24
分成	24
半價	24
樂器	24
發育	24
金額	24
阿根廷	24
難以置信	24
廣播	24
抬	24
週年	24
週期	24
開支	24
鮑魚	24
一度	24
住宿	24
俠	24
冬季	24
剔	24
大致	24
客機	24
實施	24
抽水	24
擴散	24
渠道	24
蒙	24
蒜	24
IG	24
兇	24
刺身	24
原子	24
參選	24
女王	24
明信片	24
用腦	24
落成	24
護膚	24
N	24
send	24
一於	24
主菜	24
呈	24
啱傾	24
大件	24
奧運會	24
寺	24
年尾	24
幾咁	24
必備	24
思覺失調	24
憲法	24
摩洛哥	24
支持者	24
於是乎	24
某程度上	24
比利時	24
甚至乎	24
界別	24
監	24
競選	24
綜	24
背囊	24
褸	24
陽	24
電器	24
食煙	24
餐飲	24
點先	24
給	23
晚上	23
樂隊	23
房屋	23
難怪	23
叔叔	23
擅長	23
相片	23
停車	23
好運	23
少年	23
小氣	23
黑社會	23
隱藏	23
擋	23
正路	23
燈塔	23
良心	23
彎	23
漂	23
反轉	23
撕	23
烤	23
跳樓	23
字幕	23
可行	23
急症	23
解讀	23
頭頂	23
一來	23
亮	23
周邊	23
接駁	23
推翻	23
買賣	23
上天	23
分離	23
歌曲	23
煮飯	23
精力	23
老化	23
魂	23
一方面	23
寫法	23
引導	23
普及	23
銷量	23
便利店	23
可否	23
手腳	23
攤	23
盔甲	23
西貢	23
趨勢	23
主權	23
單單	23
性愛	23
日落	23
無助	23
真相	23
美女	23
試用	23
同性	23
天堂	23
天空	23
舉手	23
進展	23
中原	23
仗	23
婚禮	23
捕	23
有線	23
資產	23
集合	23
人心	23
唱片	23
套裝	23
慶	23
模擬	23
凳	23
命中	23
啤酒	23
尺寸	23
提及	23
沈	23
膚	23
事務	23
二戰	23
加盟	23
十九	23
呈現	23
嚴肅	23
擇	23
比率	23
海灘	23
融合	23
下載	23
容納	23
心臟病	23
歎	23
生物學	23
萊	23
術	23
貧民窟	23
墨西哥	23
延	23
日前	23
有益	23
滋潤	23
激素	23
牛仔褲	23
簡約	23
追溯	23
酒樓	23
check	23
offer	23
sir	23
size	23
丼	23
以色列	23
份人	23
佔地	23
偈	23
入貨	23
全年	23
全線	23
凈	23
凱	23
初頭	23
匿	23
午	23
叉燒	23
后	23
唔妥	23
大火	23
女皇	23
後嚟	23
抹茶	23
揾工	23
放題	23
施工	23
星加坡	23
格仔	23
洋紫荊	23
為之	23
紀	23
老竇	23
育	23
臣	23
臨尾	23
航空公司	23
落街	23
覺醒	23
賓周	23
轄	23
錶	23
長城	23
音樂會	23
鬚	23
齣	23
然而	22
恨	22
出色	22
人才	22
下巴	22
買下	22
下體	22
公德心	22
寂寞	22
打字	22
抽中	22
自卑	22
蝗蟲	22
資本	22
客觀	22
打扮	22
救命	22
自問	22
認錯	22
銀河	22
不停	22
犯規	22
立場	22
制裁	22
反射	22
反省	22
平行	22
樓價	22
局長	22
戲份	22
永久	22
科大	22
不滿	22
低能	22
兇手	22
滋味	22
間接	22
麥當勞	22
商人	22
手勢	22
折磨	22
時機	22
義工	22
行行	22
馬鞍山	22
流程	22
原廠	22
歐美	22
港幣	22
管制	22
線條	22
鞭	22
顏料	22
一般人	22
克服	22
入門	22
尊嚴	22
滲透	22
透露	22
電梯	22
南京	22
寸	22
涉及	22
老人	22
自行	22
鏟	22
出自	22
型號	22
搓	22
星際	22
枕頭	22
法定	22
輪椅	22
隱	22
風扇	22
信念	22
公式	22
打比	22
泵	22
賣點	22
付款	22
撲	22
科目	22
艱難	22
袁	22
亞視	22
南昌	22
延續	22
抽象	22
榜	22
特價	22
維護	22
落單	22
行車	22
豪華	22
遵守	22
願望	22
古典	22
均	22
指揮	22
熱氣	22
薯條	22
銅	22
佛教	22
刨	22
感官	22
深層	22
秘	22
編號	22
藉	22
貼地	22
過後	22
露天	22
馮	22
三文魚	22
之上	22
年份	22
惠	22
手信	22
承	22
曼谷	22
月份	22
海邊	22
舉例	22
賞	22
黏液	22
set	22
一眼	22
停低	22
執到	22
太陽能板	22
契	22
寧	22
得切	22
打交	22
束	22
檢測	22
歷	22
癥	22
睇樓	22
短訊	22
祥	22
秀	22
糕	22
聽聞	22
肺炎	22
連任	22
週	22
過身	22
選區	22
邊位	22
附屬	22
音符	22
餘	22
香港地	22
龐大	22
別人	21
待	21
有名	21
懷孕	21
星星	21
決心	21
靜靜	21
子女	21
慶幸	21
協會	21
爭氣	21
眼淚	21
大家樂	21
大叫	21
測量	21
上市	21
國人	21
奇妙	21
收藏	21
監視	21
表明	21
角球	21
心靈	21
深夜	21
陣容	21
預先	21
再者	21
失落	21
茶餐廳	21
血統	21
兼職	21
慣性	21
獸醫	21
香水	21
勞工	21
專科	21
產	21
一心	21
勢力	21
勸	21
幼稚園	21
排骨	21
私底下	21
關閉	21
難題	21
預算	21
寬	21
有利	21
解鎖	21
大神	21
精神科	21
魔法	21
前景	21
善用	21
四月	21
困	21
橙色	21
騷擾	21
售	21
培訓	21
強化	21
性別	21
獸	21
直覺	21
健身	21
同等	21
外觀	21
旋律	21
完結	21
引用	21
心理學	21
拖鞋	21
歡呼	21
炮	21
繼	21
起點	21
充	21
受損	21
口腔	21
圍繞	21
小組	21
山頂	21
提起	21
替代	21
會長	21
校長	21
熱愛	21
維港	21
色彩	21
衡量	21
北海道	21
塗鴉	21
就業	21
從此	21
抗議	21
指令	21
民國	21
祖先	21
繁忙	21
課題	21
都市	21
野生	21
點心	21
咖啡因	21
城堡	21
富有	21
播放	21
料理	21
柔	21
渣打	21
繼承	21
薩	21
護理	21
辣椒	21
通用	21
適	21
一連串	21
享有	21
均勻	21
奪	21
希	21
度假	21
成千上萬	21
搞事	21
洛杉磯	21
液體	21
籌	21
精品	21
聽眾	21
試驗	21
鍵	21
除此之外	21
震驚	21
鮮味	21
鶴	21
OT	21
乘搭	21
九巴	21
借錢	21
做運動	21
公元	21
冠狀病毒	21
出糧	21
加熱	21
即食	21
同日	21
咭	21
圖書	21
大廚	21
寫低	21
掌	21
揼	21
新市鎮	21
書院	21
朝頭早	21
架生	21
測驗	21
灰熊	21
爆谷	21
盡快	21
篩	21
約莫	21
細聲	21
芝	21
設備	21
話事	21
豬仔	21
貼士	21
踩單車	21
軚	21
轆	21
銀仔	21
鋁	21
開波	21
閣	21
陵	21
雀仔	21
電單車	21
魷魚	21
睡	20
罵	20
原則	20
欠	20
慾望	20
有點	20
出賣	20
打錯	20
網友	20
轉移	20
戲棚	20
伏筆	20
囡囡	20
感冒	20
用力	20
冷淡	20
出門	20
出院	20
散步	20
死者	20
中興	20
安靜	20
下屬	20
主題曲	20
種子	20
胃口	20
順手	20
伯伯	20
開場	20
喜好	20
情人	20
拍手	20
暗殺	20
最愛	20
殺手	20
米蘭	20
單刀	20
報復	20
打招呼	20
拍戲	20
朵	20
神仙	20
主觀	20
事先	20
北歐	20
屏幕	20
傳奇	20
文科	20
樂園	20
相差	20
隊員	20
一方	20
副作用	20
報道	20
性感	20
泡	20
編	20
菠蘿	20
跪	20
階級	20
探討	20
沿途	20
漲	20
特質	20
白話	20
稱呼	20
羞恥	20
股東	20
詞彙	20
體系	20
五官	20
審查	20
投降	20
滅絕	20
稿	20
違反	20
乙	20
利潤	20
心得	20
惡化	20
架構	20
權益	20
渴望	20
線索	20
資	20
退出	20
音響	20
高鐵	20
仙	20
加工	20
土壤	20
基督徒	20
外星	20
擴大	20
氧化	20
燈光	20
犬	20
畢業生	20
痕跡	20
瞬間	20
範疇	20
誤解	20
議題	20
優質	20
剝	20
名稱	20
塗	20
完善	20
扎	20
暫停	20
海南	20
火車站	20
票價	20
節日	20
聖誕節	20
藍光	20
西班牙文	20
西部	20
貢	20
輯	20
電筒	20
類別	20
內閣	20
可見	20
名人	20
急凍	20
晉	20
本事	20
琳	20
簡化	20
舞蹈	20
角落	20
識別	20
選民	20
冰島	20
包圍	20
基督教	20
巡	20
恆星	20
慧	20
按揭	20
消除	20
甚	20
用作	20
磁場	20
精緻	20
致	20
芭蕾舞	20
落機	20
軸	20
限量	20
青少年	20
MK	20
ex	20
project	20
似樣	20
初時	20
北極	20
半日	20
同類	20
呷	20
喱	20
噸	20
得人驚	20
怡	20
愛滋病	20
慳返	20
採取	20
樣衰	20
港紙	20
澤	20
瀏覽	20
焦糖	20
瑞	20
膊頭	20
視覺藝術	20
賣相	20
身體健康	20
釐米	20
阿爺	20
雀鳥	20
食水	20
高速公路	20
鬼妹	20
那	19
回顧	19
此外	19
回到	19
抓	19
否認	19
丟	19
欺騙	19
好意思	19
計程車	19
警署	19
自修室	19
運行	19
小強	19
破產	19
摘	19
看待	19
笨	19
迅速	19
巨頭	19
快手	19
斜路	19
贏家	19
中資	19
乖乖	19
出錯	19
弱點	19
無比	19
變身	19
人情	19
索性	19
脹	19
跟蹤	19
出席	19
失誤	19
收尾	19
留學	19
票房	19
自主	19
親眼	19
親身	19
上門	19
半夜	19
電視機	19
回復	19
天才	19
眼見	19
突然之間	19
事故	19
大海	19
心意	19
終極	19
膚色	19
還原	19
邪惡	19
三月	19
出入	19
分散	19
妻	19
尚	19
幕後	19
悲劇	19
美味	19
親密	19
醬油	19
離地	19
骨折	19
偷食	19
到場	19
北方	19
召喚	19
學業	19
拍賣	19
接住	19
有力	19
漢語	19
立法	19
繼而	19
語音	19
輻射	19
釋	19
基地	19
天橋	19
導遊	19
巴士站	19
常用	19
炸雞	19
留心	19
自此	19
規律	19
釘	19
預留	19
養生	19
僅	19
光線	19
刷牙	19
夫	19
專用	19
游	19
發起	19
短期	19
筒	19
粉底	19
腦海	19
自製	19
落力	19
記載	19
軍人	19
逐步	19
遊行	19
以便	19
加薪	19
南北	19
即興	19
商務	19
大使館	19
客家話	19
常規	19
廚師	19
推行	19
改良	19
聽覺	19
胡	19
講述	19
賀	19
走廊	19
開關	19
阿伯	19
凡	19
利率	19
動態	19
國語	19
孝	19
巨型	19
往返	19
拼盤	19
春袋	19
獎品	19
留底	19
示威	19
車仔	19
埃	19
心水	19
描繪	19
提前	19
支撐	19
濃度	19
猶太人	19
疑	19
登入	19
祭	19
義肢	19
至今	19
行人	19
觀光	19
農	19
顯著	19
駐	19
高登	19
魚蛋	19
黃大仙	19
book	19
case	19
keep住	19
link	19
part	19
share	19
㖭	19
三角	19
傾電話	19
八婆	19
共有	19
冬菇	19
前身	19
匯	19
含量	19
唇	19
唓	19
嘎	19
天主教	19
客房	19
宣告	19
布魯塞爾	19
平面	19
康樂	19
廢事	19
搣	19
支架	19
查實	19
棉	19
極之	19
榴槤	19
構	19
橫掂	19
氫	19
泥土	19
父	19
穆	19
粵文	19
總督	19
臺北	19
花粉	19
茶匙	19
蕃茄	19
話齋	19
誕生	19
路上	19
須	19
風筒	19
食肆	19
鬼仔	19
難過	18
如此	18
白白	18
車廂	18
發佈	18
家教	18
強制	18
主隊	18
堅強	18
小妹	18
警犬	18
前期	18
奇異	18
等級	18
膚淺	18
轉彎	18
代購	18
拉開	18
碎片	18
紀律	18
菊花	18
門檻	18
難搞	18
原生	18
宿舍	18
念頭	18
手續費	18
暗示	18
疑問	18
上路	18
九龍城	18
帥	18
文法	18
穿越	18
考生	18
路口	18
內戰	18
冷戰	18
古惑仔	18
否定	18
奶粉	18
將軍澳	18
挖	18
澄清	18
魅力	18
守護	18
家用	18
尊敬	18
形態	18
念	18
感激	18
懲罰	18
接手	18
日出	18
星期四	18
書面語	18
欄	18
熱鬧	18
被告	18
電台	18
上台	18
大頭	18
懷舊	18
旗袍	18
等同	18
綁	18
中大	18
休	18
失蹤	18
巧	18
戀愛	18
村民	18
經理人	18
罷	18
舉動	18
觀感	18
隨後	18
南方	18
失控	18
後代	18
漆	18
皆	18
神器	18
襟	18
退役	18
作文	18
升值	18
喉嚨	18
夏日	18
指標	18
流量	18
繁榮	18
缸	18
誤	18
長洲	18
主導	18
前進	18
合資	18
太平	18
帶動	18
扁	18
新興	18
空軍	18
端	18
籍	18
贊助	18
電視台	18
優秀	18
創造力	18
去世	18
大地	18
大幅	18
小數	18
改動	18
星期二	18
樓市	18
瓜	18
登陸	18
確診	18
神父	18
網球	18
觸覺	18
豆漿	18
跨	18
迎接	18
離職	18
伍	18
便利	18
儘管	18
因而	18
挪威	18
捷徑	18
旋轉	18
模組	18
海水	18
清水	18
渠	18
濃縮	18
異	18
皇家	18
紅酒	18
素食	18
舒	18
駕	18
全名	18
前日	18
南美洲	18
大道	18
宇	18
手指公	18
捐贈	18
有型	18
木星	18
桌球	18
極力	18
毫子	18
燃料	18
猴	18
發明家	18
直送	18
短片	18
簿	18
緬甸	18
腸粉	18
議席	18
購	18
足足	18
郵局	18
雨水	18
魔術	18
CV	18
DNA	18
YouTube	18
ac	18
cut	18
mon	18
plan	18
sem	18
丹麥	18
今個月	18
伺服器	18
入屋	18
制定	18
剩返	18
四季	18
天王星	18
尤其是	18
布甸	18
平方公里	18
微生物	18
心淡	18
摷	18
收聲	18
景色	18
東鐵	18
正皮	18
水浸	18
沖洗	18
波斯	18
洗衫	18
炆	18
為例	18
爆香	18
爭啲	18
生肖	18
硬件	18
組別	18
美容	18
腩	18
舐	18
荔枝角	18
落場	18
行政會議	18
街坊	18
計數	18
課金	18
調味料	18
謙	18
走佬	18
趕住	18
返轉頭	18
通話	18
逾	18
遺跡	18
鍊	18
鎖匙	18
韻	18
飾	18
黎巴嫩	18
齡	18
今天	17
厲害	17
心思	17
頭腦	17
招呼	17
大事	17
顯得	17
戰力	17
背心	17
失眠	17
描寫	17
正職	17
自律	17
出力	17
水晶	17
出動	17
弓	17
愛國	17
戰神	17
不幸	17
侵略	17
值錢	17
小丑	17
巨人	17
市價	17
解圍	17
護照	17
跑道	17
冷漠	17
啞	17
境界	17
書包	17
正視	17
被動	17
雪梨	17
高潮	17
人影	17
人選	17
喜劇	17
改過	17
本地人	17
正當	17
自願	17
階層	17
主流	17
搬走	17
會場	17
構造	17
治癒	17
誇	17
誤導	17
長久	17
險	17
黑白	17
晚飯	17
環節	17
畫質	17
空白	17
老土	17
職責	17
隱形	17
鬆軟	17
典	17
剝削	17
單人	17
實體	17
打壓	17
打敗	17
樂意	17
港式	17
短短	17
起飛	17
顏	17
休閒	17
創業	17
噪音	17
手寫	17
既有	17
早晨	17
絕種	17
長輩	17
原創	17
參賽	17
名義	17
圓形	17
堅信	17
外形	17
廚	17
戀	17
月入	17
火牛	17
異常	17
盡頭	17
自言自語	17
除夕	17
非法	17
些少	17
介入	17
字頭	17
柴	17
泳池	17
熱量	17
營造	17
登場	17
發炎	17
粉紅	17
融化	17
觸發	17
過渡	17
重拾	17
門將	17
面膜	17
做戲	17
創傷	17
夢幻	17
客場	17
寬頻	17
屋頂	17
強勁	17
抵抗	17
損害	17
材	17
棚	17
植入	17
注重	17
海岸	17
澱粉	17
率先	17
用料	17
相連	17
眨	17
空中	17
簡寫	17
緊密	17
縮寫	17
血壓	17
西式	17
親王	17
變形	17
門票	17
割	17
原有	17
國務院	17
塔利班	17
太空人	17
密切	17
年頭	17
徑	17
忠	17
打理	17
擴建	17
時尚	17
椰菜	17
決策	17
洗手間	17
湯匙	17
爽口	17
許可	17
車廠	17
農作物	17
邊界	17
FBI	17
for	17
三文治	17
上載	17
之不過	17
企業家	17
借貸	17
傾計	17
兼且	17
冧巴	17
境內	17
士多啤梨	17
委任	17
尋晚	17
對外	17
小器	17
屌	17
工作坊	17
彥	17
德意志	17
心中	17
想話	17
手稿	17
撚	17
早知	17
曱甴	17
海底	17
滑雪	17
漿	17
燶	17
發電	17
睇波	17
織	17
花紅	17
落馬洲	17
蓉	17
衞	17
負評	17
赫	17
走數	17
跟足	17
車路士	17
轉移視線	17
迷你	17
難做	17
面臨	17
頭尾	17
鳳	17
龍蝦	17
正在	16
憤怒	16
辦	16
戲劇	16
路過	16
孩子	16
過分	16
缺	16
忍受	16
視線	16
心痛	16
住宅	16
命令	16
修養	16
心事	16
紅館	16
中中	16
反面	16
報仇	16
監獄	16
人身攻擊	16
挨	16
流出	16
賭場	16
頭盔	16
團聚	16
嫌棄	16
批鬥	16
流浪	16
空虛	16
低調	16
畫風	16
鷹	16
出路	16
品味	16
大不了	16
天水圍	16
怪獸	16
教科書	16
殘忍	16
殺蟲劑	16
發脾氣	16
目光	16
自拍	16
虐待	16
區分	16
口供	16
好比	16
平靜	16
抗體	16
改用	16
斧	16
理所當然	16
藥水	16
南區	16
娛樂圈	16
戰績	16
結尾	16
評分	16
退款	16
道具	16
雞皮	16
面具	16
功勞	16
大牌	16
精子	16
變數	16
鋼	16
中招	16
名額	16
咀	16
外型	16
強度	16
手工	16
有意	16
泡沫	16
浪	16
睬	16
罪犯	16
誠實	16
錯覺	16
體質	16
作曲	16
修正	16
偏僻	16
勞動	16
打氣	16
敵	16
春天	16
漸漸	16
潘	16
無效	16
燒烤	16
移交	16
自信心	16
虎	16
豪宅	16
卒	16
外交	16
奸	16
廁	16
毛巾	16
港產片	16
獵物	16
產物	16
科研	16
緣	16
芯	16
薄荷	16
重組	16
額頭	16
一致	16
中式	16
可樂	16
富豪	16
建構	16
情景	16
戰士	16
抽獎	16
擔憂	16
支付	16
教師	16
晨	16
杯葛	16
棋	16
椅	16
毀	16
水分	16
流感	16
消防員	16
深深	16
演繹	16
漫	16
照片	16
糾正	16
襲擊	16
視角	16
貴族	16
車輛	16
隨意	16
難忘	16
55	16
俗稱	16
共存	16
和諧	16
四川	16
夫婦	16
實踐	16
干預	16
才能	16
持有	16
授權	16
校園	16
白飯	16
盆	16
芒	16
認證	16
識字	16
遇上	16
關連	16
黑頭	16
中部	16
分辨	16
化驗	16
培	16
密集	16
打橫	16
援助	16
搭配	16
擰	16
桃	16
浮	16
浴室	16
灰色	16
烏鴉	16
爵士	16
產量	16
當局	16
綠茶	16
華麗	16
貨品	16
購入	16
進食	16
適中	16
關西	16
零售	16
三角形	16
公投	16
古老	16
喪失	16
喬	16
坊間	16
墟	16
柔軟	16
水泥	16
海拔	16
減輕	16
火燒	16
犯賤	16
獲取	16
神聖	16
紅蘿蔔	16
統	16
聰	16
芬	16
藝	16
複	16
親子	16
遊樂場	16
運動場	16
重開	16
面部	16
頁面	16
頻	16
鼓	16
JJ	16
一覽	16
下半	16
事前	16
人均	16
任意	16
使到	16
做乜嘢	16
做事	16
公元前	16
公頃	16
凸字	16
切件	16
化合物	16
北美洲	16
厹	16
嗰排	16
埋嚟	16
大選	16
嫲嫲	16
孭	16
專門店	16
就任	16
嶺	16
年內	16
彭	16
得滯	16
怕醜	16
急症室	16
恐慌	16
想當年	16
愛爾蘭	16
扤	16
投資者	16
拍子	16
攪拌	16
新型	16
有平	16
杉樹	16
棍波	16
武漢	16
沃	16
泛民主派	16
洪	16
海洋公園	16
滾水	16
煙花	16
照計	16
熱賣	16
眼瞓	16
私家車	16
立法局	16
紫外線	16
脂	16
膠紙	16
膽固醇	16
自動波	16
自取	16
芳	16
苑	16
茲	16
蛋黃	16
衣著	16
裔	16
變異	16
貝多芬	16
起上嚟	16
輸血	16
迴旋	16
關乎	16
霍	16
面皮	16
沒有	15
講求	15
平常	15
等待	15
見解	15
以免	15
剛	15
約定	15
假日	15
邊境	15
大陸妹	15
漢人	15
趕時間	15
中間人	15
喇叭	15
死忠	15
清淡	15
依照	15
可靠	15
失戀	15
指甲	15
花費	15
逃避	15
馬尾	15
內涵	15
全能	15
家鄉	15
廉價	15
況且	15
火車頭	15
遊記	15
開燈	15
零用錢	15
仇	15
勞工處	15
口水	15
士氣	15
心智	15
散熱	15
白金	15
零件	15
中上	15
分化	15
原意	15
同伴	15
屠	15
海關	15
血腥	15
鋼鐵	15
十月	15
夜市	15
幼稚	15
快餐	15
性慾	15
手掌	15
改進	15
沉迷	15
監督	15
進修	15
遜	15
閒	15
雖則	15
保育	15
壓抑	15
委屈	15
局限	15
流利	15
清醒	15
短褲	15
謙虛	15
讀音	15
趕走	15
長命	15
黑洞	15
傳達	15
客運	15
考驗	15
訂單	15
間諜	15
面世	15
宵夜	15
必需	15
愛心	15
東歐	15
素材	15
聞到	15
迷宮	15
關節	15
奧斯卡	15
家務	15
歡樂	15
深色	15
無邊	15
疑似	15
監察	15
視頻	15
退化	15
逃離	15
阻礙	15
際	15
面向	15
魔鬼	15
AI	15
sell	15
主意	15
人造	15
個體	15
入學	15
天花板	15
排斥	15
核	15
福岡	15
競爭力	15
老闆娘	15
自用	15
蠟燭	15
談判	15
過時	15
金字塔	15
分割	15
口號	15
大多	15
底層	15
營業	15
等陣	15
粉嶺	15
總監	15
罰錢	15
蝴蝶	15
衣物	15
解放軍	15
超能力	15
車牌	15
驗證	15
中山	15
化療	15
同位素	15
名詞	15
夥	15
大片	15
大路	15
川	15
工時	15
市集	15
干擾	15
幻	15
悉尼	15
悔	15
拜拜	15
新娘	15
會展	15
朝鮮	15
榮譽	15
正經	15
洋	15
潛能	15
相應	15
總數	15
罕見	15
聚集	15
自選	15
舞臺	15
貼心	15
身心	15
部落	15
高壓	15
乳酪	15
什	15
動物園	15
南海	15
卡通片	15
在位	15
多士	15
夥伴	15
大肚婆	15
小麥	15
放牧	15
柏林	15
植	15
構思	15
標示	15
水魚	15
海報	15
瀑布	15
玄	15
確	15
磨刀	15
祈禱	15
禮拜日	15
縮短	15
芝加哥	15
草原	15
菠菜	15
蔬果	15
術語	15
豬扒	15
農田	15
運算	15
雕	15
頂點	15
風暴	15
H	15
VIP	15
Y	15
lunch	15
so	15
一份子	15
上半	15
九廣鐵路	15
乞人憎	15
乸	15
今期	15
個勢	15
傳染病	15
先好	15
免疫系統	15
出世紙	15
出版	15
包尾	15
匈奴	15
參	15
合埋	15
咓	15
哲學家	15
啱用	15
啲啲	15
噉樣樣	15
四圍	15
埋身	15
大粒	15
姓氏	15
崩	15
市長	15
弊	15
後日	15
從中	15
戇居	15
所見	15
教堂	15
文獻	15
方呎	15
櫈	15
水上	15
江西	15
激嬲	15
灘	15
燒味	15
猛咁	15
理財	15
病例	15
發展中國家	15
百搭	15
相當於	15
私樓	15
細則	15
經文	15
總值	15
美容院	15
艘	15
花名	15
落選	15
蓮花	15
蘑菇	15
螢光	15
蟻	15
街邊	15
調頭	15
貞	15
辦理	15
近日	15
酥	15
防護	15
雯	15
電芯	15
韶	15
骨骼	15
鳩	15
現在	14
就是	14
申報	14
好少	14
愛好	14
且	14
早上	14
中年	14
正選	14
有空	14
尋求	14
大門	14
預備	14
認定	14
勇敢	14
侵侵	14
董事	14
捕捉	14
懷念	14
手錶	14
解散	14
公海	14
吹捧	14
平手	14
曖昧	14
濕疹	14
管道	14
不利	14
僅僅	14
控球	14
菠蘿油	14
均衡	14
奇蹟	14
專一	14
暗戀	14
死守	14
爛尾	14
狙擊	14
猩猩	14
石膏	14
誠信	14
掉落	14
擴展	14
放手	14
清泉	14
粉刺	14
花心	14
言論	14
門面	14
高音	14
世人	14
倒不如	14
客氣	14
強勢	14
抗生素	14
收貨	14
清除	14
紅燈	14
認可	14
車手	14
乎	14
問心	14
單數	14
姿態	14
子彈	14
山洞	14
怕羞	14
掩飾	14
格局	14
突出	14
輪流	14
錘	14
陰謀	14
名古屋	14
商家	14
威力	14
小花	14
屠殺	14
旁	14
案件	14
耍	14
贊	14
超級市場	14
付	14
化妝品	14
卸	14
字眼	14
定價	14
年薪	14
心愛	14
插頭	14
業績	14
沖繩	14
洗衣機	14
腸胃	14
隊伍	14
北上	14
尊	14
年底	14
幽默	14
復活節	14
洗腦	14
滿分	14
犯錯	14
管理層	14
面色	14
驚奇	14
中和	14
共用	14
南美	14
可信	14
外套	14
寒	14
小息	14
帖	14
惡劣	14
明智	14
氣息	14
爪	14
用詞	14
直升機	14
碩士	14
續集	14
華語	14
藥房	14
試用期	14
語法	14
過濾	14
配件	14
金色	14
高貴	14
黃牌	14
中期	14
別墅	14
劣	14
同居	14
墨	14
大帝	14
夫妻	14
廟	14
放屁	14
晤	14
欠缺	14
班機	14
病情	14
監管	14
稀	14
自在	14
財經	14
賭錢	14
轉行	14
頗	14
保存	14
同屋	14
君	14
售價	14
啤	14
學科	14
就讀	14
必定	14
摩納哥	14
散發	14
焦點	14
物理學	14
糖水	14
藝術品	14
貨櫃	14
近乎	14
追加	14
阿拉	14
電動	14
飢餓	14
住客	14
光碟	14
免疫力	14
十二月	14
古蹟	14
地帶	14
墳場	14
少許	14
打底	14
智利	14
有罪	14
望遠鏡	14
海濱	14
海豚	14
減慢	14
滯	14
演藝	14
畜	14
盡情	14
精心	14
蒲	14
證書	14
貼紙	14
通脹	14
黃埔	14
信貸	14
修護	14
傷殘	14
冊	14
劃分	14
加劇	14
務求	14
卑	14
國民黨	14
土星	14
土耳其	14
地道	14
天台	14
字體	14
小菜	14
平成	14
年費	14
廣西	14
憲	14
掃街	14
推銷	14
搶救	14
擴充	14
政客	14
斑	14
柬埔寨	14
柯	14
油膩	14
泛	14
洗牙	14
海岸線	14
海王星	14
源頭	14
漫長	14
秋天	14
菊	14
觀測	14
診	14
趙	14
選購	14
配菜	14
附	14
領土	14
H股	14
Miss	14
一道	14
下個月	14
不嬲	14
交通工具	14
仲加	14
供樓	14
做主	14
偵測	14
偷笑	14
優雅	14
入樽	14
冚唪唥	14
凹	14
出年	14
分泌	14
勞氣	14
博客	14
古惑	14
同期	14
君主	14
呻	14
喐手	14
嘟	14
坡	14
墨魚	14
壁畫	14
姬	14
季後賽	14
尋常	14
巢	14
工作天	14
巴勒斯坦	14
巴閉	14
恆	14
愛滋	14
感應器	14
打爛	14
抵食	14
掘	14
攻陷	14
敦	14
最低工資	14
木材	14
松露	14
某程度	14
梁	14
棉花	14
海底隧道	14
海馬體	14
源於	14
溪	14
演算	14
激發	14
火腿	14
牛扒	14
王朝	14
用量	14
百科全書	14
相互	14
相比之下	14
碧	14
磁力共振	14
第二啲	14
約束	14
編寫	14
編者	14
翠	14
老實講	14
自細	14
與此同時	14
航行	14
薯蓉	14
藤	14
行家	14
豉油	14
賽果	14
這個	14
通街	14
進駐	14
選用	14
釀	14
鈣	14
長者	14
閑	14
雅典	14
雕像	14
雞尾酒	14
電力	14
電話號碼	14
霖	14
飲用	14
體育館	14
默	14
這些	13
的話	13
誰	13
女孩	13
品質	13
諸	13
拳	13
派對	13
劇透	13
底部	13
照樣	13
聊	13
走位	13
投放	13
廢物	13
男主	13
弱化	13
發作	13
言語	13
壞事	13
證件	13
偷偷	13
報應	13
注定	13
事主	13
步行	13
耳鳴	13
下人	13
年青人	13
得救	13
更衣室	13
紅牌	13
光環	13
初中	13
單打	13
國產	13
外地	13
性病	13
掛機	13
機動	13
減壓	13
球星	13
中立	13
同性戀	13
挑	13
組隊	13
罰球	13
自閉	13
重心	13
催	13
去年	13
反駁	13
右翼	13
哨	13
單方面	13
壟斷	13
射門	13
抄襲	13
賭博	13
上陣	13
卻步	13
善良	13
寫明	13
幻覺	13
打出	13
是非	13
暴露	13
正題	13
經濟學	13
腳趾	13
草莓	13
配音	13
人名	13
代表作	13
八卦	13
到期	13
助理	13
大雨	13
如意	13
宅	13
屋苑	13
形勢	13
恆心	13
打獵	13
支線	13
收視	13
有聲	13
權威	13
移除	13
自尊	13
解開	13
路面	13
逼人	13
開刀	13
震動	13
餅乾	13
高低	13
一一	13
上頭	13
剃	13
多元化	13
女方	13
慈善	13
成效	13
方位	13
模糊	13
民間	13
獨有	13
紮	13
船長	13
跑馬	13
車費	13
雙數	13
餐具	13
首選	13
高大	13
以內	13
偏遠	13
傳聞	13
共通	13
加價	13
召	13
套用	13
字面	13
幅度	13
幢	13
推進	13
斯文	13
曝光	13
東亞	13
皇后	13
肉食	13
養成	13
高官	13
上色	13
侏儒	13
允許	13
受惠	13
執法	13
大豆	13
崇	13
推出	13
文員	13
渡過	13
琴	13
疲勞	13
虛構	13
蝙蝠	13
謀殺	13
釣魚	13
長短	13
開花	13
陌生	13
鵝肝	13
人品	13
光速	13
准	13
加深	13
地中海	13
姨	13
密度	13
寫真	13
年中	13
得知	13
文青	13
旨意	13
框架	13
比分	13
波動	13
箍	13
米線	13
級別	13
缺口	13
耐力	13
良	13
誘惑	13
路徑	13
遺忘	13
黎明	13
主演	13
主辦	13
乃	13
保暖	13
僱員	13
古巴	13
叮	13
地名	13
城巴	13
多元	13
天地	13
展現	13
平原	13
心地	13
急救	13
指向	13
挑選	13
推測	13
換言之	13
撬	13
河馬	13
港人	13
漁民	13
直徑	13
真空	13
碳水化合物	13
秋季	13
範	13
紅隧	13
細微	13
薪酬	13
西雅圖	13
規	13
誠	13
軌	13
辨識	13
鄉村	13
重返	13
開業	13
麥芽糖	13
麻省	13
亭	13
公義	13
分行	13
協	13
呼籲	13
填寫	13
墮	13
定居	13
尤	13
微型	13
擴張	13
木頭	13
柳	13
氣味	13
海膽	13
海馬	13
淨化	13
深受	13
焦	13
燃燒	13
燉	13
牛腩	13
獎項	13
獨一無二	13
珍	13
環繞	13
細粒	13
經費	13
繩	13
翁	13
腹	13
茶葉	13
過量	13
韋	13
頭條	13
颱風	13
飯盒	13
高血壓	13
46	13
frd	13
join	13
㩒	13
一身	13
上層	13
上會	13
上高	13
不可思議	13
乳癌	13
傍	13
價位	13
兒童節	13
兩份	13
公曆	13
冇耐	13
前菜	13
剛果	13
劇院	13
匈牙利	13
北邊	13
升職	13
卦	13
危害	13
即管	13
友仔	13
咩話	13
唔多唔少	13
啜	13
坊	13
型格	13
城牆	13
執笠	13
夠力	13
大家姐	13
奉	13
好景	13
家居	13
宿	13
寫字樓	13
尾場	13
山東	13
崗	13
帶子	13
徵	13
恤衫	13
息息相關	13
戇	13
扯旗	13
拉丁字母	13
摔角	13
攞嚟	13
未經	13
杉	13
柒	13
椒	13
概要	13
氨基酸	13
水域	13
水草	13
永生	13
泉	13
派發	13
浩	13
港督	13
無可否認	13
熱帶	13
猶太	13
獅	13
珊瑚	13
瘤	13
百貨	13
睇醫生	13
神醫	13
禁忌	13
禮拜三	13
粒鐘	13
紅日	13
細小	13
縮細	13
置身	13
膩	13
茶記	13
蛛	13
行人路	13
衞星	13
衫褲	13
衰人	13
西蘭花	13
訂立	13
赤道	13
趣	13
跟隨	13
跣	13
輸波	13
速遞	13
酵母	13
鎂	13
長達	13
隕石	13
雲石	13
青山公路	13
青瓜	13
飲醉	13
飽滿	13
香港小姐	13
香甜	13
香草	13
龐	13
𠿪	13
那些	12
給予	12
下去	12
答應	12
過來	12
故意	12
想起	12
做人	12
充分	12
瘋	12
學會	12
剛才	12
打架	12
手下	12
時鐘	12
靠近	12
留力	12
低估	12
何必	12
擦	12
遷就	12
製品	12
偷懶	12
教養	12
交收	12
放開	12
出錢	12
功夫	12
黑市	12
上訴	12
公務員	12
出國	12
助手	12
吐	12
堂堂	12
抒發	12
收手	12
球王	12
疏遠	12
科幻	12
稀有	12
綠帽	12
補救	12
襯衫	12
貪心	12
起底	12
上前	12
世界觀	12
住屋	12
倚賴	12
出於	12
反胃	12
本錢	12
洗錢	12
珍珠	12
理智	12
眉	12
開名	12
作業	12
公演	12
場所	12
盲目	12
絲襪	12
路程	12
迷失	12
過來人	12
重播	12
面對面	12
俄國	12
同志	12
壇	12
大姐	12
帶頭	12
暴動	12
有味	12
用語	12
盟	12
禮拜五	12
緊湊	12
財	12
財產	12
交叉	12
侵犯	12
分擔	12
升降	12
危	12
取決	12
恐嚇	12
推論	12
搜集	12
放慢	12
月薪	12
求救	12
盛行	12
秦國	12
行貨	12
走勢	12
軟化	12
農藥	12
迎合	12
類固醇	12
兔仔	12
君子	12
咖喱	12
嘗	12
地板	12
報到	12
官話	12
意想不到	12
成都	12
承擔	12
抵制	12
推理	12
炭	12
票數	12
策劃	12
美感	12
重生	12
野心	12
開大	12
關卡	12
電壓	12
上癮	12
中古	12
份子	12
侍應	12
冷凍	12
前邊	12
向來	12
征服	12
拉丁	12
揭	12
效應	12
旗艦	12
次數	12
水面	12
激光	12
無形	12
燒賣	12
碰撞	12
神殿	12
突顯	12
興起	12
譜	12
車程	12
遺產	12
雙向	12
供電	12
另類	12
器材	12
幾何	12
性交	12
接納	12
救援	12
明日	12
月費	12
生菜	12
用字	12
秘書	12
股市	12
行走	12
遭遇	12
重現	12
降班	12
體型	12
高速	12
丙	12
代數	12
伊斯蘭	12
備受	12
削弱	12
前所未有	12
化身	12
大使	12
封閉	12
小隊	12
巴基斯坦	12
度過	12
志願	12
意念	12
手提	12
暫	12
果皮	12
殘廢	12
決定性	12
燒肉	12
缺少	12
罕有	12
肚痛	12
規格	12
評級	12
變遷	12
負荷	12
跡象	12
身家	12
過期	12
遙控	12
配套	12
重力	12
開張	12
陰道	12
預言	12
魚翅	12
鹹蛋	12
鼓舞	12
出碟	12
切開	12
勾	12
區間	12
協調	12
原文	12
司法	12
圖表	12
寫信	12
感應	12
指導	12
採訪	12
撞擊	12
擔保	12
星空	12
晝	12
會面	12
木屋	12
東區	12
油脂	12
瀉	12
燃油	12
環球	12
盞	12
砂	12
礦物	12
羽毛	12
腐	12
膊	12
至到	12
芬蘭	12
莫斯科	12
蕉	12
蘇州	12
虛	12
蜜糖	12
西洋	12
路段	12
鄰近	12
釜山	12
錦田	12
BNO	12
FF	12
KOL	12
MC	12
cafe	12
pm	12
sales	12
test	12
上空	12
主教	12
交響曲	12
伐木	12
例牌	12
倩	12
假膠	12
傳波	12
傾聽	12
全盛時期	12
公約	12
冇行	12
分支	12
切粒	12
勇武	12
北角	12
同理	12
唞	12
啫喱	12
單憑	12
喼	12
嘢飲	12
坳	12
堤	12
塘	12
壯觀	12
大個仔	12
大單	12
契仔	12
好揾	12
委員	12
家園	12
察	12
審計	12
射波	12
尿袋	12
屬下	12
帛琉	12
年號	12
度度	12
心底	12
慮	12
抵得	12
拃	12
拜神	12
指控	12
掃貨	12
搞嘢	12
搞法	12
攞走	12
整數	12
整親	12
新會	12
日內	12
旬	12
易手	12
星座	12
映	12
曹	12
棲息地	12
樹脂	12
死撐	12
殊	12
清單	12
溶液	12
演化	12
漢堡包	12
潔淨	12
牛頓	12
甲烷	12
直轄市	12
睇小	12
睇書	12
督察	12
研究生	12
科索沃	12
稍為	12
種種	12
精油	12
總裁	12
繫	12
聯網	12
胡椒	12
腔	12
自動化	12
華盛頓	12
萬物	12
薈	12
藝員	12
蘿蔔	12
行駛	12
親中	12
訂購	12
謬	12
變量	12
豉	12
貧困	12
轉乘	12
過數	12
部長	12
郵	12
配對	12
釉	12
鉛	12
銀紙	12
開展	12
開設	12
閨蜜	12
阿仔	12
阿嫲	12
陸地	12
隨時隨地	12
餃	12
香港大學	12
馬騮	12
人家	11
吃	11
區別	11
女生	11
替	11
工資	11
便宜	11
丈夫	11
色情	11
過多	11
熟練	11
擺設	11
無力	11
掉頭	11
在場	11
官網	11
女巫	11
混	11
車禍	11
大眾	11
綜援	11
心儀	11
助教	11
拉鍊	11
外部	11
學問	11
算數	11
義務	11
出線	11
口語	11
外來語	11
外援	11
大波妹	11
小腿	11
感觸	11
指點	11
村莊	11
淫亂	11
伯母	11
咒	11
單機	11
學期	11
客串	11
服用	11
洗版	11
無恥	11
肥婆	11
覆診	11
賠率	11
贏得	11
六合彩	11
功力	11
吸毒	11
和尚	11
待遇	11
拋棄	11
校服	11
欺凌	11
無時無刻	11
真理	11
討好	11
貴州	11
低下	11
入院	11
具備	11
出發點	11
勞力	11
原作	11
原著	11
國歌	11
無上	11
產假	11
節食	11
腳法	11
裁判	11
光明正大	11
出水	11
台北	11
合理化	11
單反	11
國際化	11
平淡	11
意願	11
法官	11
燒鵝	11
特效	11
簽到	11
老死	11
聽話	11
背脊	11
西多	11
車主	11
車速	11
輪換	11
進取	11
金魚	11
長途	11
闖	11
雖	11
光明	11
兒戲	11
冷門	11
分心	11
分流	11
加重	11
哄	11
喜愛	11
團購	11
埋怨	11
平平	11
往後	11
德州	11
戰機	11
構圖	11
無害	11
爆料	11
犯案	11
猶豫	11
獨裁	11
生育	11
眠	11
老千	11
自認	11
補時	11
開槍	11
上樓	11
保住	11
包袱	11
合金	11
同路人	11
嚴謹	11
基層	11
大仔	11
奢侈品	11
常理	11
悲傷	11
抽筋	11
水手	11
治標	11
滿足感	11
炒飯	11
炮灰	11
疑惑	11
私下	11
落腳	11
處境	11
護膚品	11
過頭	11
配置	11
醫師	11
全方位	11
及早	11
對戰	11
平價	11
復發	11
微笑	11
戰場	11
所屬	11
換取	11
放下	11
晚市	11
洲際	11
流暢	11
照住	11
聖人	11
股價	11
舊式	11
醜聞	11
開戰	11
馬桶	11
九州	11
交友	11
人身	11
債券	11
分工	11
勤	11
北區	11
厄	11
反光	11
壯	11
多倫多	11
夜景	11
天津	11
奪冠	11
序	11
揚	11
檢視	11
每逢	11
沮喪	11
海綿	11
漬	11
濃厚	11
班次	11
生字	11
界定	11
管理員	11
紅豆	11
索償	11
終止	11
維度	11
英中	11
親切	11
買入	11
超出	11
車隊	11
逆轉	11
逐一	11
郊區	11
配角	11
限額	11
陷入	11
集結	11
首飾	11
鬥爭	11
前線	11
北美	11
原定	11
古董	11
喪	11
地上	11
址	11
外圍	11
天文	11
奇幻	11
婚紗	11
寶藏	11
市鎮	11
建國	11
忽然間	11
惡夢	11
推力	11
政黨	11
斤	11
新生	11
日間	11
有如	11
有望	11
果汁	11
楠	11
樹枝	11
歸納	11
氣球	11
沒收	11
河流	11
流傳	11
烹調	11
無機	11
猛	11
生效	11
當今	11
疤痕	11
發燒	11
盧	11
直達	11
破解	11
秦	11
聯想	11
腎臟	11
色調	11
董	11
親生	11
計時	11
途	11
通通	11
達人	11
風光	11
體現	11
鬍鬚	11
鳴	11
三原色	11
上任	11
中等	11
冬瓜	11
卓	11
原味	11
原材料	11
同情心	11
學車	11
定時	11
實情	11
役	11
快捷	11
悠	11
戰勝	11
手續	11
文物	11
晚會	11
更改	11
會試	11
期限	11
柚子	11
檢	11
水源	11
沿海	11
活化	11
海嘯	11
燕麥	11
牙線	11
玲	11
班房	11
瑜	11
瘡	11
砂糖	11
窩	11
股份	11
芫荽	11
荷	11
薄餅	11
蜂巢	11
衡	11
表格	11
褪	11
跳水	11
述	11
過山車	11
醒神	11
長工	11
開拍	11
陣線	11
障	11
電流	11
青椒	11
頒發	11
餐館	11
饑荒	11
AV	11
EO	11
cap	11
con	11
gel	11
party	11
team	11
work	11
上晝	11
中共	11
乞衣	11
乳豬	11
人際關係	11
代表隊	11
任命	11
侍	11
促使	11
保加利亞	11
做手術	11
傢俬	11
八爪魚	11
其一	11
冇理由	11
冰山	11
切片	11
剪片	11
創辦	11
包膠	11
區議會	11
十二碼	11
去街	11
吉隆坡	11
噚日	11
四眼	11
地下鐵	11
墻	11
壁	11
外牆	11
大埔墟	11
套票	11
好做	11
學生妹	11
宣誓	11
小女	11
巴打	11
市政局	11
年滿	11
恐怖分子	11
恩物	11
戴眼鏡	11
拉丁美洲	11
拔	11
指環	11
掹	11
揹	11
摩打	11
放射性	11
散水	11
景觀	11
曲奇	11
服飾	11
木馬	11
桂林	11
樂曲	11
殘疾	11
油污	11
沿岸	11
法案	11
泡泡	11
海峽	11
淡忌廉	11
清甜	11
滷水	11
瀨	11
火燭	11
炒車	11
無線電	11
熱辣辣	11
物理治療	11
狄	11
玥	11
琦	11
用餐	11
番禺	11
百分百	11
的而且確	11
皆因	11
皇牌	11
盈	11
睇起	11
知名	11
短暫	11
矮行星	11
碧咸	11
穀物	11
竇	11
簽訂	11
細細個	11
綿	11
綿羊	11
繼位	11
缺失	11
老友記	11
耶路撒冷	11
聯儲局	11
職務	11
肥妹	11
肯雅	11
膝頭	11
自治區	11
自然數	11
芋頭	11
花紋	11
荔景	11
葡文	11
葵芳	11
藍芽	11
蝕底	11
補習社	11
計落	11
請勿	11
講大話	11
貓仔	11
賺取	11
足總	11
踭	11
蹄	11
車票	11
車身	11
過水	11
邊邊	11
錦標賽	11
鐳射	11
長江	11
雕塑	11
雞扒	11
電路	11
霜	11
頻密	11
飛碟	11
體積	11
黑鬼	11
觀賞	10
天天	10
馬上	10
衣服	10
不可	10
正好	10
猜	10
將近	10
貼近	10
俱樂部	10
早起	10
搜尋	10
耐心	10
同住	10
酷	10
阻擋	10
有病	10
復仇	10
羨慕	10
冒	10
賠償	10
壓迫	10
逃	10
吸煙	10
混淆	10
微軟	10
計較	10
出汗	10
坐車	10
巧合	10
村屋	10
間隔	10
風度	10
卡住	10
公道	10
出軌	10
參謀	10
回落	10
安定	10
收留	10
文筆	10
相認	10
競賽	10
花絮	10
低級	10
倒退	10
反手	10
堅定	10
大中華	10
巫師	10
收場	10
星洲	10
有緣	10
物價	10
畜生	10
盲點	10
霸權	10
默契	10
偷襲	10
內疚	10
叢林	10
口頭	10
回防	10
國籍	10
失禮	10
失衡	10
心動	10
忍心	10
正文	10
氣勢	10
清高	10
港大	10
爭論	10
糾纏	10
蚊香	10
默默	10
97	10
仙女	10
傾訴	10
入選	10
和解	10
壞話	10
奉獻	10
季尾	10
收市	10
棺材	10
水泡	10
淡定	10
病假	10
眼影	10
籌碼	10
精液	10
聯署	10
課堂	10
負離子	10
轉向	10
速成	10
長假	10
陣營	10
不良	10
中暑	10
交配	10
低價	10
佛系	10
偷拍	10
公認	10
回程	10
始	10
對答	10
康復	10
戰友	10
扶	10
拖地	10
收音機	10
榮幸	10
歡	10
結晶	10
試問	10
雙重	10
一律	10
升讀	10
原裝	10
大致上	10
導	10
巷	10
放置	10
敗家	10
文言文	10
方塊	10
旨在	10
本能	10
民宿	10
水位	10
流血	10
癡	10
眼罩	10
緋聞	10
總括	10
謂	10
謬誤	10
超速	10
逃走	10
青春期	10
音質	10
鼻屎	10
予	10
人妻	10
作戰	10
備	10
債務	10
叫醒	10
噓	10
外界	10
大字	10
大街	10
失調	10
姿勢	10
富士山	10
彌補	10
影印	10
影帝	10
愛人	10
批判	10
抵抗力	10
排位	10
搭船	10
文盲	10
月亮	10
核武	10
求婚	10
津貼	10
渡假	10
準則	10
現成	10
社會主義	10
罷工	10
翻身	10
肩	10
臭味	10
花式	10
車尾	10
通宵	10
過年	10
錯失	10
錯字	10
鎮壓	10
頭暈	10
首頁	10
余	10
傷痛	10
優美	10
劇場	10
劑量	10
加以	10
古怪	10
向日葵	10
吼	10
困惑	10
壞處	10
孩	10
官司	10
家底	10
得主	10
性能	10
情形	10
懸疑	10
拜年	10
擊退	10
時時	10
末	10
根源	10
歲月	10
民意	10
沾	10
深厚	10
當晚	10
病變	10
皇室	10
窗簾	10
第一手	10
米飯	10
紗	10
細緻	10
終結	10
舟	10
萌	10
警報	10
讚賞	10
軌跡	10
迎	10
逆境	10
還擊	10
金管局	10
零售業	10
飛船	10
餃子	10
高空	10
黃昏	10
一口氣	10
一同	10
交談	10
候	10
八字	10
凝	10
利好	10
友好	10
合唱	10
名叫	10
味蕾	10
唯	10
喳	10
固	10
圖形	10
宴會	10
容器	10
實測	10
局面	10
崗位	10
巴拿馬	10
廣闊	10
抑制	10
揪	10
揭露	10
收據	10
放大鏡	10
新世界	10
新疆	10
時勢	10
曰	10
書展	10
歌星	10
歐元	10
每當	10
流通	10
滲入	10
濫用	10
火山	10
熱烈	10
特區	10
獲利	10
用具	10
發言	10
監製	10
私心	10
空地	10
簡潔	10
細膩	10
買家	10
輔導	10
轉機	10
連串	10
進程	10
還款	10
郊遊	10
郎	10
閉	10
離世	10
面孔	10
預料	10
頻繁	10
風乾	10
首席	10
驚嚇	10
麻雀	10
點頭	10
一月	10
伊波拉	10
僧	10
分組	10
分隔	10
創辦人	10
升降機	10
印花	10
原料	10
去除	10
另計	10
垂直	10
堂食	10
增添	10
士多	10
委	10
姿	10
察覺	10
專頁	10
山羊	10
工作室	10
已婚	10
年糕	10
店舖	10
廁紙	10
延遲	10
後人	10
微波爐	10
慢性	10
憂慮	10
損傷	10
攀	10
新巴	10
旋	10
早年	10
昂	10
木偶	10
波士頓	10
潭	10
潮州	10
畫作	10
當代	10
疲倦	10
病菌	10
緩和	10
考古	10
聯會	10
胡志明市	10
茄汁	10
荃	10
西德	10
規管	10
解約	10
議	10
跟風	10
過海	10
鈉	10
銀聯	10
長安	10
陀	10
陸續	10
雙人	10
飛機餐	10
鴛鴦	10
bit	10
byte	10
chur	10
point	10
upgrade	10
一嘢	10
上緊	10
中世紀	10
乜春	10
交匯處	10
仆街	10
佛山	10
供應商	10
依戀	10
保健	10
做功課	10
偷雞	10
全靠	10
凸	10
列入	10
匪徒	10
十分之	10
參賽者	10
古仔	10
叫價	10
各式各樣	10
呼	10
咧	10
品嚐	10
唐人	10
唔覺意	10
唱片公司	10
單詞	10
嗜好	10
噃	10
嚇親	10
國家公園	10
圖解	10
壯士	10
壺	10
壽	10
多樣	10
大西洋	10
大魚	10
天上	10
太和	10
奀	10
孖	10
孟	10
官守	10
家畜	10
宿主	10
小節	10
尷	10
山地	10
崖	10
嵌	10
巡迴	10
差人	10
差館	10
帆	10
帳面	10
常綠	10
并	10
幾步	10
彤	10
復古	10
心理醫生	10
惠州	10
感知	10
慌	10
懊悔	10
成藥	10
抗疫	10
捷克	10
援	10
揸車	10
揾食	10
撇	10
擰頭	10
攝氏	10
攞命	10
攪勻	10
斯里蘭卡	10
方形	10
昇	10
時至今日	10
替換	10
月尾	10
杏	10
村落	10
架空	10
柯打	10
梯	10
棘	10
業界	10
樹林	10
歇斯底里	10
毫米	10
沙嗲	10
河南	10
泳	10
洗頭水	10
流行病	10
淡化	10
添加	10
清熱	10
渡	10
湯加	10
瀕危	10
烏蠅	10
熱氣球	10
營商	10
爛地	10
獻	10
當作	10
痺	10
癖	10
發放	10
白酒	10
省城	10
真菌	10
着數	10
督	10
研	10
社會科學	10
禮券	10
第二朝	10
粗糙	10
精確	10
精神分裂	10
糖漿	10
紅籌	10
紹	10
終年	10
綱	10
繪製	10
耀	10
考牌	10
聲氣	10
聽晚	10
胚胎	10
脆卜卜	10
脆皮	10
腺	10
自我中心	10
至愛	10
芋	10
芙	10
草本植物	10
荷里活	10
葡	10
葡萄酒	10
蔭	10
蜜	10
被困	10
補水	10
製造商	10
褸尾	10
解像度	10
話晒	10
誕	10
譯本	10
賦予	10
質料	10
賭波	10
路數	10
通去	10
通透	10
逸	10
運程	10
錦鯉	10
靜止	10
音調	10
預早	10
領事	10
首府	10
高汁	10
髮泥	10
鬆啲	10
鬆弛	10
魏	10
黑仔	10
黑面	10
齊齊	10
齒	10
𨳊	10
一些	9
你們	9
她	9
商量	9
捲	9
偶然	9
立刻	9
砍	9
爹	9
不但	9
傻瓜	9
趴	9
搜	9
受害	9
意圖	9
裏	9
迫害	9
頂多	9
惹	9
連同	9
在乎	9
平凡	9
照射	9
公眾	9
女兒	9
書本	9
舞台	9
關聯	9
來臨	9
優良	9
街場	9
存款	9
無所事事	9
現世	9
貶低	9
開飯	9
高位	9
主攻	9
唱功	9
固執	9
失分	9
對錯	9
復出	9
拐杖	9
收兵	9
改觀	9
新鮮感	9
斷斷續續	9
武俠	9
犯人	9
甘心	9
甜頭	9
籃子	9
藥膏	9
過世	9
顯卡	9
中風	9
任由	9
何嘗	9
坦克	9
師姐	9
底板	9
拖累	9
沉默	9
異能	9
舔	9
蟒蛇	9
靈敏	9
倉頡	9
公審	9
刺客	9
前世	9
友善	9
喪屍	9
因果	9
困住	9
女星	9
完工	9
工種	9
怪物	9
愁	9
火力	9
社長	9
約會	9
處女	9
覺悟	9
記性	9
試場	9
長進	9
食客	9
主因	9
九龍塘	9
公告	9
判決	9
前輩	9
升班	9
受害人	9
咕	9
嘉年華	9
坤	9
埋沒	9
妥協	9
寄生蟲	9
寶寶	9
對望	9
對立	9
小三	9
居多	9
山路	9
後續	9
心聲	9
快感	9
思路	9
手動	9
掉轉	9
散播	9
旁證	9
日記	9
時間表	9
樣本	9
熊貓	9
獎學金	9
班主任	9
神棍	9
稱得上	9
競技	9
第三者	9
美化	9
自大	9
自學	9
補血	9
迴響	9
運送	9
久而久之	9
儘量	9
公正	9
動搖	9
北約	9
占卜	9
厭惡	9
可想而知	9
基佬	9
多於	9
孫女	9
崇拜	9
志同道合	9
懸崖	9
披露	9
撕裂	9
操場	9
收穫	9
效益	9
泊位	9
無條件	9
版面	9
牲畜	9
白紙	9
白話文	9
立方	9
腥	9
膠水	9
螺絲	9
資本家	9
賠錢	9
輪廓	9
顆	9
一舉一動	9
一面倒	9
下跌	9
企圖	9
倒閉	9
入市	9
入會	9
全體	9
友情	9
單調	9
大圍	9
妖	9
實體店	9
年初	9
引力	9
憧憬	9
提交	9
揭發	9
政協	9
樣貌	9
橫傳	9
檸檬茶	9
正規	9
流行曲	9
深信	9
着重	9
短裙	9
祈	9
耐用	9
蛇王	9
表弟	9
調教	9
貓咪	9
賭馬	9
輕便	9
輪班	9
轉型	9
追上	9
遼寧	9
鋪路	9
錦標	9
陷阱	9
鞋帶	9
顧	9
中毒	9
低位	9
公公	9
匹	9
合乎	9
商科	9
問答	9
善意	9
夜校	9
夾雜	9
定下	9
局勢	9
張開	9
強壯	9
快餐店	9
惡意	9
手腕	9
批發	9
投保	9
攔截	9
會心	9
樂天	9
橄欖	9
欺	9
永恆	9
油門	9
浮現	9
淆底	9
漂浮	9
特權	9
甜美	9
相撞	9
禮拜一	9
秒鐘	9
網址	9
線路	9
罪名	9
置業	9
老表	9
肥料	9
衰老	9
西隧	9
詩歌	9
貌	9
質數	9
起伏	9
輝煌	9
重用	9
除外	9
隨心	9
電線	9
上山	9
世間	9
人馬	9
代言人	9
低音	9
佔用	9
倉庫	9
傳記	9
兆	9
光學	9
內臟	9
出位	9
初步	9
勞動力	9
厘	9
吊車	9
四方	9
失業率	9
存活	9
客廳	9
害死	9
家屬	9
專屬	9
山區	9
平地	9
怎樣	9
憂	9
戰略	9
抉擇	9
招募	9
揮	9
攜帶	9
政變	9
昂貴	9
昨日	9
書店	9
果仁	9
棒球	9
概	9
海軍	9
渡輪	9
火災	9
無情	9
熱戀	9
爆粗	9
狩獵	9
瑕疵	9
皺紋	9
筍	9
精密	9
總算	9
習俗	9
胭脂	9
萬聖節	9
藍圖	9
調理	9
變動	9
讚美	9
資深	9
轉播	9
連環	9
醉酒	9
鋒	9
鋸	9
錄低	9
鑽戒	9
長年	9
閣下	9
阿姨	9
電源	9
霧	9
非禮	9
顛覆	9
高樓大廈	9
鰻魚	9
鼠	9
中秋	9
中銀	9
二等	9
侯	9
內陸	9
再度	9
前晚	9
劫	9
動工	9
匿名	9
原型	9
原子彈	9
合一	9
合共	9
合同	9
商會	9
土瓜灣	9
基本法	9
塗抹	9
墨爾本	9
外皮	9
媒	9
學家	9
安樂	9
宋	9
完畢	9
實時	9
對照	9
小童	9
幸	9
幹線	9
廢除	9
弟	9
志在	9
懷	9
投身	9
抗藥性	9
掌控	9
接替	9
搖滾	9
文藝復興	9
新陳代謝	9
暴	9
替補	9
會計師	9
有別	9
格式	9
構想	9
水管	9
沙士	9
河內	9
浦	9
潮州話	9
百貨公司	9
直航	9
磁鐵	9
祖父	9
神打	9
租借	9
羅馬尼亞	9
考察	9
聞名	9
腸道	9
膳食	9
芝麻	9
茄子	9
葛	9
藍籌	9
蜂蜜	9
贈品	9
轉台	9
通往	9
郵件	9
銅像	9
鎊	9
鎮靜	9
開創	9
除去	9
非凡	9
首要	9
馬場	9
鮮奶	9
黑眼圈	9
SP	9
Z	9
call機	9
care	9
cm	9
down	9
expect	9
form	9
一陣間	9
三國	9
中文大學	9
中斷	9
乞兒	9
五星級	9
佈滿	9
侵蝕	9
傻瓜機	9
入圍	9
入油	9
內文	9
全科	9
全長	9
函	9
到任	9
卒之	9
原產地	9
可有可無	9
史稱	9
合作社	9
吞拿魚	9
啄	9
商界	9
啖啖肉	9
啝	9
啤牌	9
啱先	9
善堂	9
四條	9
圖畫	9
基站	9
塞內加爾	9
奕	9
姦	9
婉	9
定食	9
客務	9
宣言	9
室外	9
小熊貓	9
山楂	9
年期	9
年金	9
幼兒	9
廊	9
弘	9
意識形態	9
慄	9
慢煮	9
戰役	9
所在地	9
手作	9
手提電話	9
打埋	9
抵買	9
拉斯維加斯	9
持有人	9
振	9
提取	9
提子	9
揾錢	9
搶眼	9
撰寫	9
旅館	9
旺季	9
晨早	9
書籍	9
會合	9
有效期	9
服務費	9
札幌	9
東漢	9
樂譜	9
樖	9
機場快綫	9
正一	9
正所謂	9
正月	9
毫	9
波子	9
波鞋	9
津	9
海平面	9
浸浴	9
消極	9
淋巴	9
深遠	9
港口	9
湖北	9
湖南	9
瀏覽器	9
無啦啦	9
煲劇	9
爽脆	9
牙肉	9
牛油果	9
牟利	9
狗會	9
珊瑚礁	9
珠江	9
疏通	9
疹	9
相當之	9
睡房	9
石門	9
硫酸	9
磡	9
私補	9
穴	9
穿梭機	9
笑位	9
節拍	9
糯米	9
紀念品	9
紊	9
細蚊仔	9
總言之	9
美妙	9
羽	9
臭氧	9
臺中	9
舞蹈員	9
華南	9
蓬勃	9
蓮藕	9
蔣	9
藥材	9
螺旋	9
街口	9
衞生	9
解凍	9
解體	9
證券	9
議院	9
豬皮	9
賜	9
跌打	9
跡	9
躝	9
轄下	9
農曆新年	9
通渠	9
遍佈	9
邊會	9
酥皮	9
醒覺	9
醜樣	9
銀色	9
阿聯酋	9
陶瓷	9
隸屬	9
雜錦	9
雪條	9
靖	9
鞏固	9
願景	9
風琴	9
飼養	9
香口膠	9
騰	9
體制	9
鬆餅	9
鬼馬	9
鯨	9
黃蜂	9
什麼	8
人們	8
懂	8
小孩	8
收拾	8
遊覽	8
忠實	8
自己人	8
如今	8
線上	8
聲明	8
少爺	8
觸	8
降級	8
男神	8
遊戲機	8
遠見	8
優	8
硬體	8
羞辱	8
公共汽車	8
強行	8
彩色	8
性情	8
月底	8
武術	8
關頭	8
側面	8
寧靜	8
傻笑	8
抽離	8
當面	8
簽署	8
下盤	8
協議書	8
可悲	8
商業化	8
奴性	8
安樂死	8
安穩	8
弱勢	8
心軟	8
或多或少	8
提神	8
教頭	8
粉餅	8
認命	8
賢淑	8
高價	8
麻醉	8
交心	8
任性	8
住院	8
信用	8
冷血	8
同胞	8
嘜	8
射出	8
彩蛋	8
損	8
放任	8
服侍	8
本性	8
法師	8
漢服	8
經紀	8
編曲	8
老手	8
誤人子弟	8
赤鱲角	8
輪迴	8
轉運	8
迷惘	8
顯眼	8
高清	8
高見	8
麻疹	8
中肯	8
便當	8
做作	8
優越感	8
內線	8
全數	8
出產	8
古人	8
唯獨	8
喘氣	8
外族	8
外資	8
妒忌	8
實戰	8
工序	8
平心而論	8
恆指	8
戀情	8
打劫	8
挽	8
斧頭	8
斷線	8
昇華	8
服務業	8
極致	8
灌輸	8
灰心	8
爭執	8
發送	8
稍微	8
解除	8
近視	8
返歸	8
重疊	8
鈀	8
世事	8
亂講	8
人命	8
依舊	8
俗	8
傾斜	8
孤單	8
宣布	8
寶馬	8
帶隊	8
常人	8
庇護	8
建設性	8
怨氣	8
投胎	8
按鈕	8
撞車	8
撥	8
收租	8
放水	8
早日	8
桃花	8
油麻地	8
治安	8
浮誇	8
潛意識	8
牽強	8
獅子	8
理科	8
真假	8
美孚	8
腹肌	8
藍田	8
調動	8
護髮素	8
迷信	8
顏射	8
養大	8
驕傲	8
高下	8
一下子	8
下文	8
下限	8
交出	8
人道	8
依靠	8
保密	8
傷人	8
先行	8
光纖	8
刑事	8
升學	8
及時	8
古時	8
單親	8
固然	8
基石	8
大名	8
崛起	8
強項	8
悲哀	8
握手	8
正氣	8
清場	8
熬	8
燃	8
看似	8
精明	8
肉體	8
艦隊	8
萬能	8
赤柱	8
足球場	8
近來	8
近況	8
鐘點	8
閃燈	8
雪花	8
雷雨	8
鳳凰	8
上古	8
主管	8
倒轉	8
假定	8
剩餘	8
勿	8
吉列	8
周身	8
嗚	8
外籍	8
夢見	8
大碟	8
大麻	8
天線	8
奮鬥	8
字跡	8
小人	8
小路	8
屍體	8
市況	8
影子	8
影視	8
恐怖份子	8
成品	8
扮工	8
抵消	8
拖延	8
排球	8
揩	8
搖	8
改編	8
放寬	8
教材	8
文書	8
日語	8
榮耀	8
標榜	8
歌唱	8
當事人	8
碰	8
童話	8
結冰	8
維繫	8
縱火	8
美術	8
翻新	8
脊椎	8
膨脹	8
葬	8
蒸發	8
處理器	8
螞蟻	8
討	8
訪	8
貨物	8
超聲波	8
跑馬地	8
郵輪	8
野餐	8
針筒	8
長毛	8
閃電	8
開封	8
陣陣	8
雷達	8
青山	8
順暢	8
骨架	8
高檔	8
事事	8
人頭	8
佈局	8
佣金	8
做大	8
傳染	8
充斥	8
到處	8
原住民	8
反問	8
喵	8
嘴唇	8
噪	8
填滿	8
少於	8
岑	8
律	8
徹	8
惡毒	8
感恩	8
打斷	8
推遲	8
揭曉	8
東東	8
東海	8
果實	8
段落	8
殺菌	8
涼茶	8
混血兒	8
激勵	8
炒蛋	8
熟識	8
片頭	8
球季	8
生蠔	8
生計	8
盤點	8
純潔	8
組裝	8
老套	8
耕田	8
肉眼	8
膠布	8
舉起	8
荷李活	8
蒜頭	8
裁	8
西褲	8
親民	8
親近	8
評語	8
試行	8
講座	8
踏足	8
身分證	8
車門	8
迷人	8
追平	8
透氣	8
遇見	8
過錯	8
遙	8
遙遠	8
鉗	8
長褲	8
開叉	8
難關	8
飛起	8
鮑	8
黑夜	8
默書	8
69	8
上萬	8
不宜	8
使命	8
促成	8
修女	8
修訂	8
停播	8
先令	8
前任	8
加錢	8
勳章	8
十一月	8
印刷	8
卵子	8
參照	8
外殼	8
多達	8
大同	8
大熱	8
大班	8
天花	8
套房	8
好學	8
妙	8
嫂	8
小籠包	8
得獎	8
微小	8
急切	8
所得	8
技藝	8
抗爭	8
招聘	8
提倡	8
搏命	8
操縱	8
擾	8
放電	8
日圓	8
日用	8
時區	8
曦	8
木板	8
本份	8
材質	8
樹葉	8
欲	8
水獺	8
治理	8
洗手液	8
海灣	8
淡水	8
溜後	8
漫遊	8
爆紅	8
猿	8
生肉	8
田園	8
發問	8
直落	8
相隔	8
福音	8
空難	8
精準	8
純熟	8
綁架	8
臂	8
航線	8
花瓣	8
荒廢	8
萬千	8
葡萄糖	8
衰仔	8
複合	8
西餐	8
設置	8
負債	8
資料庫	8
起訴	8
退位	8
途經	8
違法	8
選票	8
雲吞	8
雷射	8
電訊	8
須要	8
預覽	8
風雲	8
飆	8
魚生	8
點收	8
BBA	8
USB	8
VR	8
bug	8
camp	8
fit	8
gag	8
get	8
hit	8
live	8
logo	8
mark	8
mode	8
paper	8
style	8
一夜之間	8
一時時	8
一絲	8
主食	8
乙醇	8
九唔搭八	8
乾旱	8
二次	8
享年	8
估算	8
佈置	8
信件	8
儒	8
入讀	8
八角	8
共產主義	8
冰川	8
列表	8
剋	8
包裹	8
北便	8
匣	8
千克	8
卡啦OK	8
卡數	8
參演	8
取態	8
取替	8
口岸	8
只求	8
右手邊	8
吸塵機	8
吸睛	8
呔	8
咕嚕肉	8
咬口	8
唐樓	8
商舖	8
喉嚨痛	8
喝采	8
單靠	8
嘈交	8
嘥氣	8
國旗	8
坐飛機	8
執政	8
場館	8
塗層	8
大市	8
大象	8
太原	8
好惹	8
姓名	8
威爾斯	8
婷	8
容乜易	8
專線小巴	8
對得住	8
導航	8
小圈子	8
展出	8
平方呎	8
幼蟲	8
廈門	8
建制	8
建制派	8
後世	8
忽冷忽熱	8
恒星	8
悲	8
應份	8
成因	8
戥	8
截至	8
手提電腦	8
打畀	8
打點	8
扮靚	8
拂	8
拍檔	8
排卵	8
接送	8
插圖	8
換衫	8
損耗	8
摘要	8
撈亂	8
擺放	8
收成	8
攻打	8
放盤	8
斜體	8
新仔	8
新淨	8
晾	8
有加	8
有史以來	8
有指	8
有講有笑	8
果醬	8
桂	8
梳乎	8
梳打	8
楓	8
機關	8
歌劇	8
毒素	8
氯	8
水質	8
決議	8
河北	8
法令	8
海南雞飯	8
海口	8
涼鞋	8
温	8
溶解	8
漏洞	8
無處不在	8
焫	8
煤	8
煮食	8
煮餸	8
燈膽	8
牛柳	8
狗竇	8
獨行俠	8
獲贈	8
珠寶	8
理工大學	8
理據	8
瓊	8
甲醛	8
申訴	8
番薯	8
疏離	8
瘦肉	8
白鴿	8
皂	8
皮球	8
直轄	8
睥	8
礦物質	8
社運	8
禧	8
稍	8
穆斯林	8
穿梭	8
竟	8
競	8
第一時間	8
管治	8
管轄	8
米路	8
細妹	8
紹菜	8
耕種	8
聯同	8
脈	8
臀部	8
自動櫃員機	8
致力	8
與及	8
荔枝	8
菲林	8
萃取	8
落山	8
著緊	8
蔓延	8
螺	8
螺旋槳	8
衰退	8
襪	8
西曆	8
西歐	8
西鐵綫	8
視力	8
調校	8
講故	8
識做	8
變種	8
豬手	8
貫通	8
貿	8
賤格	8
贏波	8
起鑊	8
超乎	8
車行	8
輔	8
輕巧	8
輕盈	8
近住	8
返生	8
速遞員	8
遊走	8
過渡金屬	8
選取	8
遺址	8
避忌	8
郊野公園	8
酒杯	8
長笛	8
開放式	8
閨密	8
阻街	8
陶	8
隨即	8
離遠	8
雲南	8
非官守	8
頸鏈	8
顆粒	8
食雞	8
香噴噴	8
香茅	8
香菇	8
髀	8
鮓	8
麒麟	8
麻麻地	8
些	7
但是	7
只是	7
差不多	7
領取	7
許多	7
名字	7
聊天	7
糞	7
強迫	7
下班	7
發布	7
上課	7
無論如何	7
未曾	7
過敏	7
上午	7
商標	7
塑料	7
偷情	7
弟弟	7
觀看	7
孕婦	7
分明	7
桌	7
紅綠燈	7
責	7
豬排	7
起初	7
淚	7
理會	7
蠻	7
完勝	7
爽快	7
身價	7
輕視	7
低賤	7
來電	7
出氣	7
出醜	7
動情	7
原居民	7
報失	7
外傳	7
引戰	7
忍者	7
打官司	7
整整	7
文職	7
禁制令	7
背面	7
視為	7
論證	7
賣出	7
雙打	7
雞肋	7
高等	7
鬼片	7
黑心	7
充值	7
先天	7
助長	7
問候	7
國教	7
土生土長	7
培育	7
大法	7
奇特	7
孝順	7
屈服	7
工聯會	7
強求	7
怒	7
惡魔	7
懦夫	7
成績表	7
暗黑	7
治本	7
淘汰賽	7
淫賤	7
激情	7
王道	7
玻璃心	7
班底	7
知名度	7
破紀錄	7
羽毛球	7
菠蘿包	7
要素	7
諾貝爾	7
謙遜	7
貼出	7
追擊	7
追星	7
連載	7
重病	7
主宰	7
仇人	7
偷渡	7
光榮	7
前年	7
勞	7
口吻	7
叮噹	7
土炮	7
坐落	7
外掛	7
寒酸	7
封殺	7
小品	7
工場	7
恐怖片	7
愛惜	7
懦弱	7
拳頭	7
排版	7
接軌	7
放走	7
新西蘭	7
有生之年	7
業餘	7
求助	7
清算	7
熟人	7
王者	7
界線	7
留班	7
登報	7
福星	7
糾結	7
綠葉	7
自欺欺人	7
自給自足	7
裂	7
變質	7
豹	7
輸入法	7
逆	7
連貫	7
重傷	7
開朗	7
隨緣	7
預感	7
驗血	7
體貼	7
高地	7
上環	7
不安	7
人間	7
代言	7
低頭	7
偵探	7
儀態	7
先兆	7
內幕	7
厭倦	7
反差	7
吱	7
呼應	7
唏噓	7
天光	7
天王	7
安檢	7
容忍	7
寄託	7
左翼	7
引爆	7
弱小	7
強迫症	7
復原	7
怯場	7
打起	7
數一數二	7
早熟	7
替代品	7
本末倒置	7
李嘉誠	7
果斷	7
桑拿	7
歷程	7
法則	7
法寶	7
爆冷	7
牙籤	7
特技	7
現貨	7
產權	7
用處	7
病房	7
痛心	7
秩序	7
簡體字	7
縮小	7
老花	7
考車	7
膠囊	7
荷包	7
補貼	7
詳	7
警車	7
警隊	7
貼錢	7
車輪	7
通行	7
進階	7
遷移	7
釣	7
限期	7
隨身	7
離題	7
香腸	7
魔力	7
麻木	7
人間蒸發	7
傳開	7
公升	7
公關	7
副本	7
功用	7
加料	7
友人	7
取向	7
叫法	7
名次	7
哀	7
哼	7
大意	7
失事	7
失守	7
失憶	7
奈何	7
守則	7
安全帶	7
定論	7
客服	7
左派	7
往年	7
後門	7
急速	7
恃	7
戒心	7
扼殺	7
投射	7
拒	7
振奮	7
收緊	7
敲	7
新意	7
新秀	7
是否	7
有幸	7
柄	7
柴灣	7
根深蒂固	7
欣慰	7
武力	7
殘酷	7
民居	7
氛圍	7
氣管	7
水腫	7
汗水	7
決勝	7
港澳	7
渴求	7
潑	7
男裝	7
百佳	7
穿透	7
簡介	7
紀錄片	7
紅白	7
終身	7
聖母	7
胎	7
自由自在	7
致敬	7
袍	7
西藏	7
親口	7
言行	7
講究	7
贊同	7
起家	7
車頭	7
近代	7
退後	7
達標	7
醫藥	7
開學	7
閹	7
雙倍	7
韭菜	7
養活	7
騙局	7
魚肉	7
上線	7
中巴	7
乞食	7
人事	7
住所	7
佔據	7
依據	7
偷走	7
傾心	7
典範	7
兼顧	7
凡事	7
列出	7
升幅	7
去留	7
取暖	7
古裝	7
吐司	7
味精	7
哥倫比亞	7
單元	7
因人而異	7
困境	7
地皮	7
報價	7
墜落	7
增進	7
大行	7
女強人	7
學士	7
宗旨	7
富裕	7
專線	7
年齡層	7
得失	7
心願	7
惜	7
打結	7
投稿	7
拉丁文	7
拾	7
指南	7
接待	7
揭開	7
損壞	7
改寫	7
救星	7
方程式	7
旅行社	7
明亮	7
會籍	7
有朝一日	7
栽培	7
案底	7
死因	7
殘留	7
毅力	7
波長	7
消防	7
煉	7
珍藏	7
當天	7
當家	7
當真	7
癱	7
盟友	7
眼球	7
確立	7
神明	7
私生活	7
窗口	7
紫菜	7
繪畫	7
罪行	7
羞愧	7
腳步	7
蘇丹	7
虔誠	7
行使	7
衝勁	7
衣櫃	7
西九龍	7
觀音	7
觸動	7
誇大	7
誤差	7
豎	7
走開	7
起義	7
蹤	7
身後	7
迷茫	7
逗留	7
重慶	7
鑽石山	7
閂門	7
陷	7
雙胞胎	7
面貌	7
領事館	7
顧及	7
顯微鏡	7
食指	7
駕馭	7
骨氣	7
高原	7
龍頭	7
下列	7
不論	7
中秋節	7
主張	7
伯爵	7
何文田	7
作曲家	7
偵察	7
切勿	7
利息	7
劇烈	7
加速度	7
印巴	7
卿	7
哎呀	7
售賣	7
問好	7
善待	7
嚴峻	7
四國	7
回饋	7
國立	7
圓柱體	7
堅固	7
多時	7
大專	7
女優	7
嬌	7
子孫	7
字型	7
宣揚	7
審判	7
專欄	7
對數	7
導彈	7
山莊	7
平安夜	7
律政司	7
成見	7
接種	7
接管	7
提防	7
施加	7
時份	7
曳	7
朝聖	7
柔順	7
核戰	7
框	7
橡膠	7
櫻桃	7
次方	7
正中	7
氣墊	7
氣壓	7
波斯灣	7
泳衣	7
流放	7
淡季	7
滑梯	7
燦爛	7
獄	7
生動	7
甩手	7
病原體	7
病徵	7
礦	7
禮拜四	7
窒	7
童軍	7
管理費	7
羅湖	7
美景	7
耳環	7
自焚	7
自轉	7
蒙古	7
裹	7
詠	7
謹慎	7
貫穿	7
跟團	7
運轉	7
遭	7
配備	7
配樂	7
醫治	7
鍾情	7
防火	7
陰陽	7
隱蔽	7
青草	7
頭號	7
頻譜	7
風流	7
飄	7
香檳	7
黑氣	7
IT	7
T恤	7
budget	7
com	7
do	7
email	7
google	7
group	7
hi	7
miss	7
model	7
shopping	7
一啲啲	7
一戰	7
三號	7
上報	7
上榜	7
不單止	7
亨	7
人參	7
人稱	7
代謝	7
仰	7
任職	7
伴隨	7
修補	7
候選	7
借詞	7
偏幫	7
做女	7
健身室	7
傷亡	7
傷感	7
光合作用	7
入便	7
全文	7
八強	7
共事	7
凹凸	7
分叉	7
到會	7
刺繡	7
加插	7
動植物	7
動脈	7
匠	7
匿埋	7
卅	7
午餐肉	7
南半球	7
卡車	7
去馬	7
又試	7
口齒	7
另加	7
可口可樂	7
咋喎	7
咪住	7
唔自然	7
善款	7
喇沙	7
喪生	7
回魂	7
因子	7
國有	7
地下鐵路	7
地支	7
地頭	7
埲	7
執屋	7
基建	7
堵塞	7
塞爾維亞	7
大曬	7
大澳	7
大米	7
大食	7
天婦羅	7
天文學	7
天體	7
奄列	7
奇跡	7
奢華	7
好冇	7
姜	7
嬰	7
子音	7
存有	7
寄信	7
富足	7
少數民族	7
就正	7
山雞	7
岩層	7
島嶼	7
巨額	7
平平無奇	7
幼苗	7
度橋	7
影相機	7
後生女	7
御	7
微微	7
徽	7
急性	7
意料之外	7
感興趣	7
懵	7
懶人包	7
懸掛	7
手掣	7
打撈	7
把口	7
把炮	7
抌	7
抑	7
抵達	7
拓	7
探測	7
接壤	7
損毀	7
搞搞震	7
摯愛	7
擔當	7
攝錄機	7
攤凍	7
收息	7
收檔	7
收睇	7
收線	7
教路	7
新蒲崗	7
斷估	7
旅遊業	7
暢	7
會戰	7
有行	7
東便	7
枕	7
械	7
榕	7
樹幹	7
機能	7
橫線	7
次選	7
歌迷	7
正苦	7
步伐	7
毋須	7
母音	7
毛孩	7
毫無疑問	7
水星	7
求職	7
汆水	7
法學	7
波箱	7
泳灘	7
洋人	7
海龜	7
消炎	7
消防車	7
淤泥	7
混合物	7
清貨	7
清酒	7
濁	7
濠	7
濤	7
灌木	7
炒散	7
烹飪	7
無須	7
熱天	7
熱能	7
營養師	7
爹地	7
牌費	7
猶太教	7
琪	7
瓣	7
瓷	7
甜故	7
生命力	7
生抽	7
甩皮甩骨	7
甫	7
由始至終	7
由頭	7
甲骨文	7
男爵	7
畜牲	7
痰罐	7
發卡	7
發癲	7
皮革	7
盟軍	7
直隸	7
相睇	7
眼水	7
眼科	7
睇中	7
瞓醒	7
知識產權	7
矽	7
研討會	7
祿	7
禽流感	7
租務	7
筆畫	7
簡易	7
簡短	7
精美	7
納入	7
緊貼	7
美洲	7
翅	7
習作	7
翔	7
翻轉	7
耕作	7
耶和華	7
聯手	7
肉丸	7
肖像	7
脊椎動物	7
脊髓	7
腺體	7
臟	7
至得	7
舍	7
花旦	7
英女皇	7
英聯邦	7
荒漠	7
莎士比亞	7
莫講話	7
蒸氣	7
蜆	7
行頭	7
裏便	7
補飛	7
西鐵	7
話明	7
調配	7
諸如此類	7
買起	7
買餸	7
賞月	7
起屋	7
跣水	7
踎	7
轉手	7
農曆	7
迎戰	7
逃逸	7
逳	7
過冷河	7
過火	7
遞信	7
遷徙	7
酶	7
醇	7
醒起	7
釀酒	7
錄音機	7
長沙	7
開聲	7
開餐	7
關事	7
防疫	7
阿剌伯	7
阿嬸	7
附帶	7
隨地	7
電子郵件	7
電競	7
靈芝	7
韌力	7
韻母	7
頂端	7
風情	7
飲嘢	7
飲杯	7
飽肚	7
飾物	7
馴鹿	7
驅使	7
驅動	7
骨質	7
高山	7
鴻	7
麥皮	7
麻油	7
麻甩	7
黑椒	7
點綴	7
鼎	7
尚未	6
失常	6
哭	6
或許	6
吵	6
先前	6
出售	6
稍後	6
某些	6
屁股	6
挺	6
到時候	6
近似	6
實話	6
出頭	6
收縮	6
當場	6
早晚	6
癢	6
恐怕	6
爭奪	6
逗	6
閘門	6
噁心	6
腦袋	6
得分	6
假扮	6
工地	6
害怕	6
斷絕	6
跨越	6
偶爾	6
只好	6
馬拉松	6
恰當	6
上當	6
呼喚	6
品格	6
堵	6
奈米	6
指望	6
狠	6
開水	6
公立	6
口袋	6
青蛙	6
顯然	6
分期	6
末期	6
沙發	6
勝算	6
名氣	6
外側	6
懶得	6
挑剔	6
百分點	6
算命	6
缺陷	6
退錢	6
食飽	6
假名	6
副手	6
壓制	6
幫補	6
情願	6
手藝	6
歸還	6
狐臭	6
臨場	6
講聲	6
倉鼠	6
反共	6
和服	6
基本功	6
夜間	6
大有人在	6
天分	6
天黑	6
套路	6
從小	6
怨婦	6
意欲	6
扭轉	6
抬頭	6
早機	6
明目張膽	6
未定	6
果子狸	6
極速	6
橫掃	6
母校	6
毒瘤	6
氏族	6
漢奸	6
爆頭	6
眼高手低	6
精蟲	6
統稱	6
罪孽	6
老麥	6
蠱惑	6
護航	6
轉動	6
醫護	6
馬達	6
魔咒	6
黑手	6
一步步	6
上岸	6
上腦	6
下世	6
下意識	6
中餐	6
主唱	6
人壽	6
人種	6
仇恨	6
仙人	6
低落	6
便服	6
修飾	6
先例	6
光滑	6
入流	6
出書	6
參差	6
口臭	6
嗡	6
四腳蛇	6
回想	6
圖鑑	6
填詞	6
天佑	6
好氣	6
客隊	6
實事	6
對頭	6
師資	6
得手	6
感性	6
成功感	6
指明	6
挑釁	6
文憑	6
暑期	6
曲解	6
替工	6
未婚夫	6
正傳	6
漩渦	6
濫	6
火花	6
煽動	6
熱誠	6
特意	6
留學生	6
異形	6
直資	6
相識	6
眼皮	6
秒殺	6
絕境	6
絕育	6
老毛	6
蓄意	6
超頻	6
遠征	6
鉛筆	6
限度	6
領悟	6
養家	6
高尚	6
齊全	6
上進	6
下身	6
不外乎	6
中菜	6
何謂	6
作對	6
作畫	6
保費	6
催眠	6
傳單	6
初中生	6
劇照	6
反觀	6
反話	6
名聲	6
嘔血	6
回味	6
堆砌	6
壓迫感	6
大坑	6
妓女	6
引誘	6
強硬	6
後塵	6
徒步	6
得體	6
惑	6
惡作劇	6
感想	6
感慨	6
懷抱	6
手槍	6
抽插	6
擒	6
擾亂	6
收斂	6
放生	6
救護車	6
教導	6
死約	6
死角	6
求生	6
沖淡	6
淪陷	6
清純	6
無關痛癢	6
爭冠	6
牙買加	6
狙擊手	6
狠狠	6
獵人	6
現階段	6
生薑	6
異類	6
疏	6
相親	6
相近	6
碗碟	6
礙眼	6
終老	6
美滿	6
老板	6
肇慶	6
自傳	6
花瓶	6
若干	6
衝刺	6
誘因	6
識貨	6
貪錢	6
追尋	6
釋懷	6
重考	6
金句	6
開拓	6
關公	6
集氣	6
集齊	6
鬆開	6
一生一世	6
世伯	6
人質	6
信徒	6
借用	6
做證	6
備案	6
傳授	6
入場券	6
利害	6
劇組	6
劣勢	6
半數	6
只得	6
吉祥物	6
吐出	6
問號	6
回流	6
團友	6
報酬	6
外向	6
外圍賽	6
外遊	6
大亂	6
大結局	6
大西北	6
失禁	6
奢侈	6
定型	6
尾數	6
巧妙	6
店長	6
建樹	6
弱肉強食	6
影星	6
心境	6
性價比	6
恩愛	6
情趣	6
成名	6
截止	6
打發	6
拆散	6
指紋	6
指責	6
挨住	6
握	6
揮手	6
支出	6
放膽	6
書局	6
會所	6
杜絕	6
查看	6
樓盤	6
次等	6
歲數	6
水電	6
波幅	6
煙肉	6
爆機	6
現身	6
理應	6
發力	6
盜版	6
目睹	6
祖國	6
禍害	6
秦始皇	6
築	6
糾紛	6
紅豆冰	6
缺席	6
至上	6
華僑	6
葵涌	6
藥劑	6
西多士	6
西醫	6
規範	6
解僱	6
詭異	6
謎	6
證人	6
賣家	6
賽程	6
賽車	6
走私	6
躁	6
轉數	6
轉發	6
造就	6
遠方	6
遺棄	6
野獸	6
鎖定	6
長處	6
開班	6
隱瞞	6
難保	6
預知	6
頭緒	6
餘下	6
駕崩	6
tag	6
上演	6
上臺	6
下路	6
主播	6
主音	6
乾爽	6
人次	6
仙氣	6
何來	6
併	6
信奉	6
僵	6
元首	6
內外	6
分校	6
分段	6
前列腺	6
卑微	6
可疑	6
周末	6
哈薩克	6
商機	6
回禮	6
回音	6
困局	6
國防	6
園丁	6
外貌	6
大餐	6
契約	6
好手	6
密封	6
實況	6
將要	6
屏障	6
幫派	6
扇	6
押韻	6
拉薩	6
放火	6
散工	6
斷氣	6
旅行團	6
暗格	6
東張西望	6
桃園	6
榜樣	6
樓層	6
死板	6
江湖	6
污水	6
決戰	6
活潑	6
消防局	6
清涼	6
清靜	6
滋	6
無異	6
無疑	6
燜	6
牙膏	6
牽涉	6
獨自	6
留念	6
畫廊	6
異味	6
病態	6
瘀傷	6
皇冠	6
皮帶	6
相熟	6
真誠	6
確切	6
磨練	6
礙於	6
神化	6
禮堂	6
粗製濫造	6
紅十字會	6
結業	6
經常性	6
綠燈	6
置頂	6
老牌	6
聖殿	6
自修	6
蝶	6
蟬	6
西施	6
記者會	6
詩人	6
詮釋	6
語系	6
謙卑	6
豬頭	6
貫	6
責任感	6
起腳	6
路途	6
車房	6
轉載	6
透視	6
通關	6
連鎖店	6
選項	6
野外	6
金剛	6
錄影	6
長線	6
降臨	6
陣式	6
隨手	6
雪碧	6
響起	6
順時針	6
預見	6
飛機場	6
香港仔	6
鬥氣	6
7-11	6
上妝	6
不得不	6
中樞	6
乳液	6
人仔	6
人文	6
供給	6
依次	6
倡議	6
停手	6
傳教士	6
儲備	6
內政	6
全裸	6
兩岸	6
兩性	6
典禮	6
冰室	6
分歧	6
初一	6
制訂	6
十字路口	6
午市	6
受教	6
叛亂	6
商用	6
大將	6
大減價	6
大理石	6
姑	6
媒介	6
定性	6
實地	6
實惠	6
對策	6
小冊子	6
尖叫	6
尖沙嘴	6
尖端	6
屏	6
履歷	6
岩石	6
巫	6
巳	6
市道	6
平復	6
平方	6
度日	6
廣大	6
廣義	6
延期	6
式微	6
影院	6
彼	6
恆常	6
悲痛	6
戰敗	6
房客	6
手冊	6
打通	6
承接	6
抗衡	6
抱怨	6
捐款	6
接任	6
撤	6
擠壓	6
擬	6
攤開	6
救贖	6
整齊	6
昨	6
晉升	6
案例	6
棘手	6
極光	6
樓宇	6
樹皮	6
橙汁	6
檸茶	6
歪	6
殺害	6
毫升	6
油漆	6
油畫	6
涉	6
淒涼	6
無窮	6
焦距	6
煙霧	6
牙刷	6
特工	6
獵	6
現存	6
理工	6
甜點	6
當前	6
白汁	6
知覺	6
研究所	6
磚頭	6
稀釋	6
精細	6
紅腫	6
紅血球	6
紅軍	6
紙包	6
紛紛	6
紮實	6
緊接	6
編排	6
繁	6
繁複	6
繼任	6
職工	6
聾	6
腎上腺素	6
色素	6
英鎊	6
蠟	6
行經	6
衝破	6
解藥	6
註明	6
謠言	6
譴責	6
豁免	6
豐盛	6
貨運	6
起先	6
躁鬱症	6
身亡	6
輕身	6
農村	6
農耕	6
追問	6
逼真	6
遮瑕	6
酵素	6
長傳	6
開採	6
隨筆	6
音效	6
頂樓	6
類同	6
饅頭	6
馬達加斯加	6
駐場	6
騙徒	6
騷	6
鴿	6
點擊	6
CLS	6
DVD	6
MV	6
PC	6
VCD	6
account	6
cam	6
cheap	6
comment	6
course	6
cream	6
download	6
function	6
high	6
patpat	6
sense	6
wiki	6
一事	6
一家大細	6
一年半載	6
一無所知	6
一網打盡	6
七七八八	6
三甲	6
上庭	6
上月	6
上湯	6
上蓋	6
丘	6
並列	6
並排	6
中藥	6
主題樂園	6
九七	6
亂咁	6
互通	6
亞太	6
人之常情	6
人客	6
人面	6
介乎	6
以致	6
伊斯蘭教	6
伏匿匿	6
作詞	6
侵襲	6
侷限	6
係呀	6
倒水	6
借助	6
傅	6
僕	6
兄弟姊妹	6
先到先得	6
先鋒	6
免治	6
入數	6
內在	6
內設	6
兩地	6
八號	6
兼夾	6
冇得頂	6
冇癮	6
冒犯	6
冷卻	6
冷盤	6
切絲	6
刊登	6
列明	6
利比亞	6
劈價	6
勁過	6
動能	6
化石	6
化糞池	6
化肥	6
化解	6
區旗	6
半衰期	6
半透明	6
南極	6
即位	6
厚身	6
原汁原味	6
去向	6
叉電	6
古靈精怪	6
句號	6
召開	6
合眼緣	6
名下	6
吔	6
周遊	6
味覺	6
唏	6
唐人街	6
啱啱先	6
嗅覺	6
嘈醒	6
嚟真	6
四強	6
國號	6
園藝	6
在內	6
地形	6
地標	6
坐正	6
坪	6
垃圾食物	6
報串	6
墜毀	6
外力	6
外媒	6
多媒體	6
大份	6
大寫	6
大氣電波	6
大白菜	6
大臣	6
大閘蟹	6
大頭蝦	6
天安門廣場	6
夾份	6
奇數	6
孔雀	6
孟加拉	6
孤	6
學系	6
家公	6
家庭主婦	6
寬敞	6
封頂	6
專車	6
專題	6
小動物	6
小輪	6
屋邨	6
山坡	6
布拉格	6
布料	6
帕斯卡	6
常務	6
干涉	6
平滑	6
年班	6
幻燈片	6
廟號	6
建材	6
強暴	6
彗星	6
後院	6
微弱	6
徽章	6
心裏	6
心郁郁	6
急急	6
悖論	6
惡頂	6
成交價	6
戴頭盔	6
打印	6
打風	6
扲	6
扶手電梯	6
抄牌	6
折墮	6
折疊	6
抵禦	6
抵觸	6
拆卸	6
拓展	6
拱	6
按金	6
採集	6
探險	6
揈	6
揦	6
搦	6
搶手	6
搾	6
摩爾	6
撞正	6
擇日	6
攪掂	6
攪錯	6
收錄	6
政制	6
故此	6
救助	6
整日	6
整蠱	6
文具	6
文昌	6
文言	6
新地	6
新約	6
旅遊景點	6
星體	6
暉	6
書記	6
朋	6
朋友仔	6
朕	6
期指	6
札	6
杰	6
東莞	6
校舍	6
格陵蘭	6
棕	6
棕色	6
槌	6
槍擊	6
樓底	6
模特兒	6
橋樑	6
橢圓形	6
橫跨	6
檢疫	6
檢驗	6
檬粉	6
欄位	6
次貨	6
正話	6
殿	6
毒販	6
求神拜佛	6
汶萊	6
沙律醬	6
河蟹	6
注射	6
洪水	6
浴	6
海域	6
浸泡	6
涵蓋	6
淪	6
清拆	6
清真寺	6
湯水	6
滑鼠	6
潤肺	6
煩囂	6
熔	6
營盤	6
營銷	6
爬蟲類	6
爭住	6
版權費	6
牙根	6
牛熊證	6
狂熱	6
理事會	6
瑜伽	6
瑪雅	6
甘地	6
甜蜜	6
田雞	6
由得	6
番話	6
當政	6
疫	6
癦	6
白淨	6
百分比	6
盈盈	6
盔	6
盛事	6
直選	6
睇實	6
睇相	6
矢	6
石灰	6
研究院	6
研習	6
研製	6
砲	6
硫	6
硬化	6
硬食	6
碩	6
磁	6
磨擦	6
祭司	6
福建	6
福德	6
秘書台	6
租客	6
移居	6
稻米	6
空中巴士	6
突兀	6
突尼西亞	6
筲箕灣	6
籌款	6
籌辦	6
粉嫩	6
粧	6
紙張	6
絃	6
經痛	6
維多利亞港	6
縱	6
總和	6
總書記	6
罅	6
羽絨	6
翠玉瓜	6
翡翠	6
老抽	6
耳筒	6
聽電話	6
肉地	6
肚瀉	6
腐皮	6
腳尖	6
腳板	6
腸仔	6
自由黨	6
與眾不同	6
興奮劑	6
芫茜	6
花茶	6
芷	6
芽	6
茉莉	6
草坪	6
莓	6
華裔	6
落筆	6
落鑊	6
落雪	6
蓆	6
蘸	6
蠶蟲	6
血糖	6
表面上	6
衰落	6
裝潢	6
襟用	6
西亞	6
西元	6
規條	6
視窗	6
覽	6
解簽	6
計仔	6
訊	6
記憶體	6
詳盡	6
貼服	6
賈	6
賓賓	6
賣廣告	6
贏面	6
起樓	6
起火	6
超班	6
躉	6
身影	6
軟熟	6
輕薄	6
輟學	6
轉介	6
轉讓	6
辨別	6
追數	6
透明度	6
週刊	6
逼害	6
過檔	6
過氣	6
達致	6
選美	6
還有	6
醒胃	6
醬料	6
重口味	6
金黃	6
鈾	6
鋅	6
鎖匙扣	6
鎗	6
鐸	6
鑿	6
長方形	6
防腐劑	6
院友	6
院校	6
離隊	6
雲端	6
霆	6
青醬	6
預示	6
頭痕	6
顧名思義	6
食晏	6
飲奶	6
首日封	6
馬車	6
騷亂	6
鬆脆	6
鬧交	6
魔術師	6
鹽酸	6
點字	6
這樣	5
樣子	5
喝	5
甚麼	5
看法	5
抱歉	5
打賭	5
過問	5
董事長	5
匹配	5
明天	5
啃	5
天賦	5
忙碌	5
乘坐	5
投機	5
鄙視	5
點燃	5
小學雞	5
上街	5
奪取	5
背包	5
擠	5
燒臘	5
鈍	5
告訴	5
加班	5
受益	5
女女	5
較量	5
膽量	5
幸好	5
教室	5
飯店	5
否	5
奸角	5
關口	5
領導層	5
主婦	5
出海	5
憎恨	5
泄露	5
薪金	5
出租	5
失球	5
放縱	5
美股	5
買主	5
身世	5
身為	5
冰箱	5
司儀	5
急於	5
故障	5
滾動	5
觸摸	5
魯莽	5
保送	5
審美	5
廢棄	5
掃地	5
歪曲	5
死心	5
死硬	5
水彩	5
秤	5
訴苦	5
逆向	5
通識	5
黃種人	5
一廂情願	5
上流	5
不當	5
交集	5
低端	5
低等	5
出界	5
勝負	5
勞動節	5
區議員	5
原版	5
受苦	5
回鄉證	5
天價	5
女僕	5
娘娘	5
小號	5
師弟	5
帳	5
恩惠	5
憤青	5
應援	5
懶醒	5
打包	5
抹殺	5
拜訪	5
搞清楚	5
收買	5
散心	5
流氓	5
潛移默化	5
烏雞	5
無妨	5
無從	5
爭分奪秒	5
狠心	5
玩弄	5
留戀	5
畫師	5
發展商	5
素顏	5
背書	5
莎翁	5
虹	5
記起	5
語境	5
調職	5
論據	5
警覺	5
賽馬	5
退步	5
醜陋	5
開市	5
順路	5
飛虎隊	5
高端	5
黑店	5
鼓吹	5
一貫	5
世世代代	5
中計	5
伸出	5
來來去去	5
便便	5
保單	5
冗員	5
凍結	5
凡人	5
初心	5
初衷	5
刻畫	5
勾起	5
友誼賽	5
叫聲	5
司徒	5
同鄉	5
名師	5
吹噓	5
圓心	5
大爺	5
奉勸	5
奶油	5
學霸	5
安眠藥	5
射精	5
從前	5
心寒	5
意境	5
慘烈	5
戰隊	5
打轉	5
捅	5
搶劫	5
救世主	5
教友	5
村長	5
束縛	5
格鬥	5
歉	5
正片	5
死屍	5
民生	5
永世	5
法治	5
清白	5
漠視	5
烏干達	5
無非	5
狗糧	5
獻醜	5
生疏	5
男團	5
睡衣	5
短視	5
破裂	5
神威	5
節省	5
組團	5
絕交	5
美學	5
背影	5
良機	5
色魔	5
虐	5
虛假	5
蠓	5
表妹	5
誤判	5
談	5
變心	5
貨色	5
輩	5
追殺	5
造價	5
選秀	5
院士	5
陰謀論	5
風趣	5
飄忽	5
飲食業	5
餘生	5
高人	5
鱷魚	5
鼻子	5
wor	5
不一	5
中介	5
乍	5
人力	5
人渣	5
代替品	5
侵佔	5
侵略性	5
偉哥	5
偏激	5
偏門	5
做手腳	5
傻仔	5
儲蓄	5
免簽	5
公事	5
冷藏	5
切斷	5
前科	5
前臂	5
割讓	5
包場	5
口才	5
可笑	5
右面	5
合力	5
咳嗽	5
問卷	5
單向	5
墳	5
大小便	5
大軍	5
奉陪	5
完事	5
宣稱	5
家境	5
富貴	5
對焦	5
左面	5
市值	5
平和	5
平權	5
年青	5
強弱	5
忠誠	5
悔意	5
感人	5
戰果	5
打牌	5
扼	5
技工	5
抓緊	5
招式	5
拜會	5
搜索	5
摩天輪	5
放風	5
敗筆	5
昔日	5
服從	5
本金	5
正字	5
武士	5
求診	5
海地	5
深究	5
清晨	5
減弱	5
灰暗	5
炒家	5
照應	5
燙	5
牛仔	5
狼狽	5
猿人	5
生病	5
白雲	5
真人真事	5
眾人	5
空降	5
笑料	5
答覆	5
粗略	5
紀念日	5
翻唱	5
自保	5
自備	5
自發	5
薄弱	5
解碼	5
設想	5
財物	5
貪婪	5
貿易戰	5
資質	5
賞識	5
軟弱	5
輸家	5
辯護	5
逛	5
邀	5
醃製	5
重申	5
開埠	5
開明	5
閒錢	5
隱性	5
電話卡	5
霸王	5
頒	5
領養	5
頸椎	5
食量	5
飯錢	5
餵飽	5
鴨記	5
齊心	5
一窩蜂	5
下令	5
下調	5
交際	5
佔有	5
作弊	5
作息	5
倫理	5
偽毒	5
儀容	5
入睡	5
兩難	5
公家	5
出山	5
出血	5
切換	5
制衡	5
刺殺	5
前傳	5
前程	5
動員	5
千金	5
午飯	5
南丫島	5
反叛	5
吻合	5
告別	5
回水	5
圍內	5
地下室	5
報案	5
壓倒性	5
夜行	5
夢境	5
大作	5
大同小異	5
大本營	5
天子	5
女裝	5
妄想	5
安置	5
寬容	5
專櫃	5
對稱	5
常態	5
年資	5
幾經	5
廚藝	5
引人入勝	5
形容詞	5
後知後覺	5
從頭	5
性騷擾	5
情境	5
情歌	5
愛戴	5
房東	5
手肘	5
指教	5
捲入	5
掙	5
掠	5
推崇	5
提問	5
搶先	5
擺位	5
族人	5
早已	5
時常	5
時辰	5
更正	5
月供	5
月曆	5
有賴	5
杖	5
東德	5
染髮	5
機遇	5
正比	5
正統	5
比數	5
水池	5
水銀	5
法院	5
活生生	5
浣熊	5
混雜	5
港府	5
滋擾	5
滿月	5
演習	5
激進	5
火勢	5
無故	5
無止境	5
無私	5
照舊	5
爆破	5
牧師	5
王室	5
當兵	5
疾	5
療	5
癒合	5
發電機	5
盅	5
目測	5
盯	5
直譯	5
真面目	5
知情	5
破碎	5
磅重	5
神社	5
禿	5
空泛	5
章魚	5
童裝	5
糟蹋	5
素人	5
缺氧	5
腐爛	5
苦笑	5
莫過於	5
落入	5
董事會	5
藥劑師	5
表哥	5
衰竭	5
西片	5
記憶力	5
語言學	5
貌似	5
貼上	5
起眼	5
躺	5
通告	5
過境	5
適逢	5
還債	5
重演	5
阻力	5
附和	5
集中營	5
集資	5
零星	5
青梅竹馬	5
音譯	5
順從	5
風頭	5
食慾	5
食物鏈	5
食糧	5
餛飩	5
高雄	5
魚骨	5
齊頭	5
上調	5
中港	5
主修	5
事項	5
互換	5
人民幣	5
來龍去脈	5
俘虜	5
信譽	5
假貨	5
傷痕	5
公用	5
出油	5
切碎	5
利市	5
刻薄	5
前路	5
剝奪	5
包機	5
北半球	5
北非	5
匙	5
半山	5
協商	5
南洋	5
受制	5
受精	5
口碑	5
古都	5
同門	5
咖啡豆	5
售票處	5
喚醒	5
嚴厲	5
國腳	5
地域	5
地波	5
基準	5
堡壘	5
夏威夷	5
外行	5
失效	5
奏	5
嫁人	5
子民	5
學生會	5
客棧	5
寡	5
實習生	5
審批	5
寬鬆	5
專人	5
小島	5
小生	5
巡遊	5
已故	5
平板	5
幾點鐘	5
廠家	5
廣島	5
廣府	5
弧度	5
後裔	5
後記	5
心路歷程	5
悲觀	5
惰性	5
愛護	5
慣例	5
慶生	5
應否	5
打鐵	5
批改	5
承繼	5
折斷	5
押	5
拇指	5
挫折	5
推斷	5
搭檔	5
摩擦	5
撇除	5
據聞	5
效用	5
救生艇	5
新作	5
施展	5
日光	5
日夜	5
智庫	5
暑期工	5
書櫃	5
朝代	5
未婚妻	5
析	5
果酸	5
校車	5
核爆	5
案發	5
梵蒂岡	5
樹根	5
正門	5
正餐	5
歷來	5
殺氣	5
永續	5
河道	5
沿用	5
泥路	5
炒米	5
無窮無盡	5
熟路	5
燕	5
父子	5
特有	5
獨食	5
球體	5
生番	5
異議	5
瘦身	5
瘧疾	5
癖好	5
發誓	5
盈利	5
目錄	5
真話	5
眼袋	5
矚目	5
矛	5
知足	5
碑	5
磁力	5
示意	5
等候	5
籃球場	5
紀念碑	5
紋理	5
紳士	5
結石	5
緩衝	5
縮減	5
罕	5
老年	5
聽力	5
胡椒粉	5
艦	5
茶樓	5
菜心	5
萌芽	5
蕊	5
蕭	5
藍本	5
補給	5
西營盤	5
試管	5
談及	5
讀取	5
谷底	5
賦	5
足跡	5
跟前	5
跟從	5
路牌	5
軟禁	5
輸送	5
辨	5
農夫	5
追查	5
通行證	5
連帶	5
連身裙	5
進口	5
進發	5
邁向	5
邂逅	5
邱	5
酋長	5
重重	5
銅牌	5
銜接	5
鏡片	5
開羅	5
開辦	5
附加	5
院長	5
陳述	5
隔開	5
離奇	5
電動車	5
電費	5
青口	5
音色	5
音量	5
預售	5
頑固	5
養車	5
首播	5
馬灣	5
鮮明	5
點數	5
龔	5
II	5
PE	5
PK	5
Poly	5
TA	5
buy	5
can	5
cc	5
cool	5
event	5
idea	5
locker	5
look	5
nice	5
out	5
pH值	5
pass	5
title	5
we	5
一改	5
一時三刻	5
一條龍	5
一筆過	5
一腳踏兩船	5
一路上	5
一連	5
三五知己	5
三權分立	5
下層	5
不公	5
二維碼	5
交帶	5
人力資源	5
人心惶惶	5
仙境	5
企理	5
伐	5
佈	5
住址	5
作業系統	5
使錢	5
使館	5
依排	5
保鮮袋	5
俾面	5
借問聲	5
倪	5
傳譯	5
傷風	5
僵硬	5
元旦	5
光禿禿	5
兜圈	5
入紙	5
全套	5
兩家	5
公映	5
兼任	5
兼具	5
冇乜嘢	5
冇影	5
冇朋友	5
冇法	5
再試	5
冥想	5
冥王星	5
凸起	5
出機	5
到訪	5
刺史	5
前度	5
加冕	5
加勒比海	5
加幅	5
加設	5
劫機	5
勝任	5
勳	5
化石燃料	5
北海	5
匙羹	5
十足十	5
博覽館	5
卯	5
印度教	5
即是	5
反口	5
反斗	5
受訓	5
叠	5
各種各樣	5
吉士粉	5
同輩	5
向量	5
吞併	5
吸氣	5
告知	5
呯	5
哀痛	5
品嘗	5
哽	5
唐裝	5
唔怪之	5
售票	5
問責	5
啦掕	5
啲多	5
喬木	5
囚犯	5
四方帽	5
固體	5
國際學校	5
國際象棋	5
地勢	5
城樓	5
域名	5
基因突變	5
基督	5
填補	5
外勞	5
多勞多得	5
夠數	5
大件事	5
大假	5
大力士	5
大白鯊	5
大褸	5
太公	5
太后	5
太嫲	5
太空站	5
太陽油	5
失聰	5
夷	5
夾心	5
奧匈帝國	5
好戲	5
如估	5
娛	5
婦	5
媛	5
嫡	5
孕	5
字元	5
存放	5
孤立	5
宇航員	5
安哥拉	5
宗族	5
寇	5
寒冷	5
寨	5
審視	5
對內	5
對死	5
小動作	5
尖東	5
就緒	5
尼日利亞	5
尼龍	5
尾站	5
山脈	5
岸邊	5
峇	5
峯	5
峻	5
嶼	5
工黨	5
巴格達	5
巴辣	5
平方米	5
平穩	5
度高	5
座落	5
廉	5
弟婦	5
弦	5
彈力	5
影衰	5
微積分	5
徵兆	5
徵狀	5
德黑蘭	5
心理準備	5
心臟病發	5
快靚正	5
急劇	5
急需	5
息口	5
情意	5
惡性循環	5
愛沙尼亞	5
慈	5
憑借	5
應有盡有	5
懶音	5
戇居居	5
戒口	5
戰亂	5
手柄	5
打沉	5
打消	5
抗原	5
抵受	5
抽射	5
拆除	5
拉鏈	5
括	5
拿破崙	5
挫敗	5
挽救	5
捐血	5
捕殺	5
授	5
排毒	5
掠奪	5
提煉	5
插蘇	5
搬屋	5
撈起	5
擔大旗	5
擦鞋	5
擺酒	5
攀爬	5
攜	5
收銀	5
改建	5
攻佔	5
放逐	5
效力	5
教員室	5
教宗	5
教畜	5
散佈	5
數據庫	5
斌	5
斗	5
新任	5
新春	5
新潮	5
新穎	5
明渠	5
春季	5
昭和	5
是日	5
時令	5
時差	5
晚年	5
晚黑	5
景象	5
暖笠笠	5
暗啞	5
暨	5
暴君	5
暴行	5
曬太陽	5
更加之	5
更換	5
月相	5
有機物	5
有血有肉	5
服藥	5
服食	5
朦	5
木耳	5
未算	5
本嚟	5
杜拜	5
松樹	5
板塊	5
格價	5
椒鹽	5
椰	5
極品	5
榨汁	5
槍手	5
樂迷	5
標本	5
樞紐	5
樹窿	5
樽頸	5
橛	5
橡筋	5
欖	5
歡度	5
正嘢	5
正評	5
步槍	5
步程	5
歸根究底	5
死仔	5
殉職	5
毅	5
民航	5
氣泡	5
氫氣	5
水道	5
江南	5
汽油	5
沙冰	5
沙皇	5
沙頭角	5
河粉	5
油塘	5
法事	5
波飛	5
泳褲	5
津巴布韋	5
派駐	5
流口水	5
流水	5
流眼淚	5
海難	5
海風	5
浸信會	5
消化不良	5
淨低	5
淮山	5
深圳河	5
深海	5
清清楚楚	5
渲染	5
滿口	5
濱	5
瀏海	5
火焰	5
火爆	5
火酒	5
灰塵	5
炎	5
炒股	5
炮製	5
烈酒	5
焗爐	5
無可避免	5
無意中	5
無期	5
無花果	5
煉奶	5
煞	5
煮飯仔	5
熒幕	5
熟食	5
熱力	5
熱點	5
燈泡	5
爆煲	5
爆笑	5
牙科	5
牛牯	5
牛角包	5
猶疑	5
玩耍	5
珍珠奶茶	5
班際	5
現代化	5
瑩	5
璀璨	5
生勾勾	5
生啤	5
生日會	5
生食	5
產前	5
用藥	5
略略	5
痴線	5
瘀	5
癒	5
發病	5
白俄羅斯	5
白切雞	5
白金卡	5
百家姓	5
皺	5
益力多	5
相等	5
省會	5
看門口	5
睇起上嚟	5
睇開	5
石屎	5
砍伐	5
碳酸	5
磁帶	5
神經元	5
票站	5
祺	5
禱告	5
私校	5
秉	5
科威特	5
秘技	5
租樓	5
稜	5
穿着	5
窒息	5
童工	5
笑片	5
等號	5
算係噉	5
節制	5
範例	5
米粉	5
糯米糍	5
糯米飯	5
紅茶	5
紫荊花	5
組件	5
絡	5
綠化	5
綻放	5
緒	5
緣故	5
編程	5
繪	5
繳交	5
羊毛	5
老地方	5
老爺	5
耷	5
聖保羅	5
聖誕樹	5
聚居	5
肉燥	5
肝臟	5
肥膏	5
肯亞	5
肯尼亞	5
胸部	5
腐蝕	5
臉書	5
臘	5
自己友	5
自我介紹	5
自然界	5
船塢	5
船隻	5
花甲	5
花膠	5
茜	5
茵	5
茶樹	5
茸	5
草案	5
荷葉	5
莖	5
華山	5
落堂	5
落手落腳	5
落班	5
落畫	5
蒐集	5
蒙特利爾	5
蓋上	5
蓬	5
蕃薯	5
蕾	5
薇	5
薰衣草	5
藉此	5
藜麥	5
藥品	5
蚱蜢	5
蛾	5
蝠	5
蝸牛	5
血型	5
行內	5
行政總裁	5
表面張力	5
袖	5
被捕	5
裁員	5
裂痕	5
裙腳仔	5
補選	5
西九	5
西安	5
西客	5
角逐	5
解毒	5
註解	5
評論員	5
調較	5
談論	5
變奏	5
變態佬	5
變更	5
讕	5
豆腐花	5
負碌	5
貿貿然	5
起事	5
起兵	5
起始	5
趕頭趕命	5
跟手	5
蹤影	5
車呔	5
軍團	5
輪住	5
輸蝕	5
辨認	5
迪士尼樂園	5
追女仔	5
遍及	5
過冬	5
過電	5
遠東	5
遠近	5
遺失	5
那個	5
郁動	5
郵政局	5
鄉鎮	5
醣	5
里斯本	5
金華火腿	5
銘記	5
銷	5
鐳	5
長櫈	5
門鐘	5
關帝	5
防治	5
阿公	5
阿布	5
陝西	5
除低	5
除衫	5
隔膜	5
隧	5
隱形眼鏡	5
隸	5
雁	5
雌性	5
雙重標準	5
零下	5
電極	5
電腦程式	5
霸位	5
靈灰	5
青海	5
靴	5
韮菜	5
順帶一提	5
頌	5
頰	5
風波	5
食蕉	5
飲管	5
飼料	5
養父	5
餸菜	5
首創	5
首演	5
首當其衝	5
香江	5
馨	5
馬尼拉	5
馬拉	5
駐守	5
駿	5
騎兵	5
騎馬	5
驗收	5
驚死	5
驛	5
高昂	5
髹	5
鬧市	5
魚片	5
鰓	5
鱷	5
鴨脷洲	5
鵬	5
麥芽	5
黃沙	5
黑糖	5
黑點	5
點鐘	5
鼻水	5
齋啡	5
𠝹手	5
𠮨	5
好像	4
有些	4
難道	4
上班	4
漂亮	4
忘	4
交往	4
回頭	4
不再	4
僅有	4
一點點	4
一會	4
房子	4
事務所	4
廢老	4
疲累	4
開玩笑	4
枉	4
輛	4
不久	4
來頭	4
演戲	4
掩蓋	4
公尺	4
取得	4
上馬	4
丟失	4
差點	4
後天	4
炫耀	4
妥	4
搜查	4
路人	4
厘米	4
嘈雜	4
傘	4
剛好	4
裸辭	4
鏡子	4
外邊	4
弄	4
老味	4
談話	4
剪接	4
屙屎	4
臨時工	4
遭受	4
勒索	4
大局	4
布丁	4
接班人	4
賓館	4
抬高	4
氣力	4
賭徒	4
供款	4
傑出	4
恐	4
雨衣	4
保濕	4
回血	4
後遺症	4
挑逗	4
燈神	4
牌照	4
笨拙	4
自由行	4
警員	4
貧富	4
微不足道	4
末日	4
死車	4
洗白	4
清澈	4
片商	4
踏入	4
人脈	4
伸展	4
低劣	4
出貨	4
卡拉OK	4
妻子	4
宏觀	4
射程	4
居心	4
彩虹橋	4
得以	4
性趣	4
怨言	4
抽血	4
書面	4
根基	4
熱身	4
紅旗	4
絕招	4
貼身	4
辜負	4
迷路	4
雜貨	4
騙子	4
不用	3
回來	3
動詞	3
詢問	3
昨天	3
與否	3
兒子	3
稱讚	3
勢頭	3
外出	3
進場	3
站立	3
飽和	3
娃娃	3
郵政	3
個子	3
打飛機	3
薪水	3
胸口	3
得多	3
愚蠢	3
談戀愛	3
大腿	3
違背	3
小孩子	3
拐	3
自覺	3
菜餚	3
守門員	3
淆	3
落空	3
悲慘	3
對家	3
硬幣	3
害蟲	3
尾巴	3
錢包	3
中文字	3
公布	3
大小姐	3
經由	3
驅逐	3
作主	3
吻	3
心酸	3
新奇	3
登山	3
隔絕	3
寡婦	3
暴躁	3
有餘	3
潮文	3
男生	3
口氣	3
小眾	3
抹黑	3
痛快	3
白費	3
老婆婆	3
講波	3
人世	3
入職	3
出差	3
出櫃	3
勺	3
單據	3
埋葬	3
學神	3
安好	3
寶貝	3
急停	3
打交道	3
採購	3
收口	3
明朗	3
極其	3
污穢	3
混入	3
特種	3
白天	3
股息	3
自自然然	3
西環	3
鋪設	3
高爾夫球	3
龍友	3
亂入	3
人際	3
勤奮	3
呼叫	3
大摩	3
定力	3
尾機	3
工藝	3
渣古	3
特異	3
牽掛	3
狹窄	3
致富	3
英寸	3
謊言	3
遜色	3
驚險	3
骨位	3
黑化	3
還是	2
尋覓	2
不必	2
思索	2
年幼	2
想念	2
不管	2
鄰	2
男孩	2
睡覺	2
閒聊	2
昨晚	2
上學	2
撥打	2
特地	2
充當	2
力氣	2
上級	2
賽馬會	2
們	2
要不	2
飲料	2
素質	2
逮捕	2
鋒利	2
拼寫	2
狡猾	2
去掉	2
內褲	2
存錢	2
好幾	2
耳朵	2
它們	2
廢青	2
虧	2
裂開	2
差錯	2
暱稱	2
奠	2
女傭	2
離合器	2
她們	2
港獨	2
妨礙	2
拼命	2
心計	2
成全	2
模樣	2
親熱	2
傳出	2
明年	2
真是	2
偏袒	2
趕客	2
心血	2
爭吵	2
藍牙	2
假裝	2
優待	2
凝視	2
故鄉	2
樓房	2
老蘭	2
蛋散	2
賬	2
食環署	2
下注	2
偷竊	2
兄長	2
凝膠	2
出走	2
文憑試	2
期貨	2
正派	2
用功	2
空閒	2
節儉	2
結帳	2
維園	2
躲	2
兇猛	2
失手	2
孫子	2
學徒	2
廣東人	2
戀人	2
打燈	2
有利可圖	2
疼	2
看見	2
破格	2
粗魯	2
賄賂	2
鄰里	2
鬼叫	2
哪	1
弟兄	1
不錯	1
除了	1
而已	1
要緊	1
吃飯	1
好些	1
這麼	1
何時	1
不明	1
謀生	1
拜託	1
商議	1
懂得	1
忍不住	1
笑死	1
看來	1
牽	1
大快活	1
不僅	1
巧克力	1
倍數	1
何等	1
搞鬼	1
胖	1
自慰	1
生氣	1
洗澡	1
發財	1
光顧	1
清早	1
信賴	1
乳房	1
欺負	1
諾言	1
通報	1
播出	1
八達通卡	1
巴掌	1
肩膀	1
烏龜	1
冤屈	1
好色	1
屠宰	1
推卸	1
擅自	1
片刻	1
修讀	1
剩下	1
大便	1
擺動	1
猜測	1
看透	1
裸跑	1
輪胎	1
追討	1
乘數	1
備份	1
欠款	1
膽小	1
舌頭	1
行話	1
雜工	1
婦人	1
膽敢	1
讚揚	1
鬱悶	1
倒霉	1
匆忙	1
嘔吐	1
派遣	1
港豬	1
球賽	1
眼看	1
三思	1
夫人	1
搗亂	1
放映	1
熬夜	1
粉末	1
變壓器	1
退還	1
遍	1
匆匆	1
嫉妒	1
宰	1
得勝	1
得過	1
燒毀	1
猴子	1
球門	1
花錢	1
蝕錢	1
上衣	1
下流	1
下賤	1
加緊	1
小鳥	1
悄悄	1
摳	1
條理	1
正是	1
泛民	1
照理	1
看台	1
節約	1
麻將	1
鼻涕	1
伯父	1
佔便宜	1
健碩	1
先人	1
勃起	1
反效果	1
吵鬧	1
年假	1
搖頭	1
潮濕	1
犧牲品	1
神科	1
突圍	1
笑點	1
縫	1
視聽	1
避諱	1
飛機師	1
鬧事	1
鬼魂	1
不要	0
為什麼	0
啥	0
不然	0
怎麼	0
總是	0
傢伙	0
咱	0
甭	0
儀表	0
沒用	0
不了	0
不料	0
遊玩	0
好看	0
騙	0
接著	0
進去	0
哪兒	0
為了	0
多久	0
參看	0
一陣子	0
猜想	0
好吃	0
要是	0
一會兒	0
昨夜	0
來年	0
不一定	0
不及	0
嬰孩	0
排泄	0
螫	0
寧可	0
拍照	0
幸虧	0
激怒	0
不言而喻	0
發球	0
跟著	0
吃不消	0
學長	0
看守	0
這陣子	0
要不然	0
贈送	0
對不起	0
馬不停蹄	0
不成	0
不行	0
懶惰	0
姊姊	0
進來	0
使得	0
捨不得	0
下雨	0
陰莖	0
三八	0
要麼	0
下陷	0
和好	0
抽菸	0
出沒	0
份額	0
桌子	0
作夢	0
貓兒	0
愛慕	0
逼迫	0
伙	0
大陸仔	0
改換	0
紅利	0
乞丐	0
髒話	0
回去	0
怪罪	0
睪丸	0
通知期	0
好朋友	0
賽狗	0
這兒	0
叫喊	0
老外	0
配上	0
健談	0
大夫	0
翅膀	0
任憑	0
做夢	0
冷靜期	0
明早	0
檔次	0
淹	0
赴宴	0
吵架	0
執照	0
女郎	0
奶共	0
橫豎	0
濕潤	0
眼眶	0
碰上	0
考評局	0
過得去	0
難看	0
一輩子	0
勸解	0
大灣區	0
感情線	0
摩托車	0
極為	0
為主	0
腹瀉	0
還好	0
像樣	0
剪刀	0
大姊	0
帳目	0
未至於	0
本土派	0
瘋子	0
粗人	0
入坑	0
小伙子	0
帽子	0
攔	0
歇	0
算了	0
老是	0
補票	0
遺漏	0
分發	0
古曼童	0
台姐	0
吃虧	0
吃醋	0
壯漢	0
委託	0
威風	0
幽靈	0
得很	0
真心膠	0
膝蓋	0
許可證	0
講台	0
鱉	0
下課	0
來不及	0
副選	0
平安鐘	0
看上	0
超車	0
軟盤	0
閃開	0
下跪	0
不住	0
不勝	0
人為	0
儘早	0
冰淇淋	0
口交	0
好死	0
害羞	0
快線	0
惱人	0
成家立室	0
撒謊	0
敵意	0
日校	0
氣量	0
為準	0
焦急	0
煩悶	0
爬行	0
生事	0
發怒	0
脖子	0
藉詞	0
行行企企	0
要好	0
逛街	0
不合時宜	0
不忍	0
充電寶	0
別扭	0
吃水	0
吸管	0
咖啡色	0
啪啪聲	0
小吃	0
恥辱	0
愚弄	0
懂事	0
戲票	0
搞垮	0
搞大	0
搬運	0
敲詐	0
普通科	0
氧氣罩	0
為人	0
煙草	0
爛市	0
狼人	0
玉石俱焚	0
瑣事	0
看不起	0
腋	0
腦殘	0
莫非	0
西鐵線	0
迂迴	0
預報	0
饞嘴	0
