char	cantonese_count
係	62383
嘅	46226
唔	41472
我	35549
好	31748
有	31076
個	29186
佢	28650
都	28355
一	28235
人	25338
你	20835
到	20390
會	18638
啲	18630
同	18626
就	18242
咗	17461
以	16239
咁	15891
哋	15386
呢	15348
得	14402
可	12983
大	12917
冇	12903
多	12569
要	12434
過	11676
睇	11565
去	9793
真	9629
時	9349
家	9337
點	9154
但	9004
講	8949
下	8941
做	8872
喺	8833
話	8747
日	8741
年	8539
用	8507
上	8451
自	8402
嘢	8229
為	8200
又	8113
後	7703
幾	7580
嗰	7423
成	7311
嚟	7260
知	7162
噉	7022
中	7015
想	6871
出	6824
而	6757
其	6678
之	6413
生	6294
無	6286
仲	6258
開	6210
實	6184
樣	6179
啦	6171
先	6131
最	5910
果	5825
返	5817
食	5760
咩	5755
如	5742
面	5701
國	5690
入	5644
地	5588
己	5545
打	5484
學	5431
所	5425
度	5353
住	5333
覺	5278
經	5230
意	5228
心	5227
啊	5095
對	5053
埋	5049
因	4932
邊	4926
分	4853
間	4827
定	4805
前	4628
似	4590
問	4538
本	4530
事	4499
解	4380
能	4354
次	4313
諗	4271
機	4253
即	4232
不	4196
行	4189
女	4184
手	4131
畀	4079
仔	4071
少	4056
然	4044
方	4028
來	3970
文	3866
加	3859
比	3843
港	3831
發	3821
應	3801
當	3795
場	3772
咪	3733
見	3722
完	3652
兩	3612
工	3573
香	3556
頭	3506
乜	3461
者	3446
主	3431
買	3410
第	3407
位	3393
全	3393
明	3356
新	3312
小	3286
力	3269
正	3251
重	3241
公	3227
法	3223
身	3169
已	3150
月	3133
今	3114
未	3048
再	3014
起	3008
使	2947
題	2936
作	2918
識	2912
呀	2911
落	2909
緊	2906
動	2873
老	2868
俾	2865
理	2864
該	2855
友	2818
只	2815
水	2787
部	2781
物	2772
條	2755
喇	2753
種	2743
叫	2734
路	2727
高	2725
等	2716
電	2711
隻	2706
錢	2674
細	2662
三	2661
或	2654
於	2626
聽	2620
啱	2613
道	2601
通	2580
感	2488
相	2484
放	2480
車	2476
外	2473
變	2458
情	2444
將	2442
巴	2403
算	2400
平	2391
期	2373
世	2344
依	2319
死	2310
十	2306
由	2305
數	2304
球	2301
現	2283
太	2267
美	2266
英	2223
波	2204
更	2187
玩	2184
關	2181
陣	2176
聲	2159
原	2149
喎	2138
走	2116
影	2114
常	2113
快	2110
性	2090
長	2085
子	2079
試	2062
他	2059
星	2053
單	2043
名	2037
二	2036
記	2030
望	2013
幫	2008
屋	1994
體	1989
企	1983
利	1980
連	1979
色	1976
反	1972
直	1971
化	1967
口	1957
計	1948
始	1946
每	1931
收	1929
合	1927
至	1917
朋	1902
教	1902
份	1901
笑	1879
代	1868
令	1861
氣	1860
夠	1859
信	1846
馬	1827
搞	1824
𡃉	1810
鍾	1794
班	1784
界	1768
表	1743
隊	1726
跟	1719
特	1710
號	1705
區	1698
黎	1690
難	1682
阿	1678
西	1674
線	1664
天	1662
件	1658
整	1656
亦	1649
張	1639
接	1623
市	1615
式	1613
內	1587
士	1586
受	1579
神	1575
轉	1570
差	1569
半	1566
男	1544
認	1527
品	1527
樓	1513
金	1511
錯	1508
改	1508
留	1508
低	1502
海	1499
業	1495
字	1493
白	1488
員	1480
提	1476
鐘	1475
囖	1473
類	1461
左	1456
別	1451
帶	1451
結	1439
司	1439
民	1436
齊	1432
東	1431
活	1431
清	1429
早	1408
系	1406
需	1405
科	1404
架	1403
包	1401
角	1396
語	1393
基	1390
書	1389
靚	1388
網	1383
政	1376
保	1371
響	1363
量	1354
味	1348
哩	1348
回	1343
近	1343
讀	1341
排	1338
除	1327
價	1321
資	1316
四	1314
程	1309
候	1303
選	1278
門	1277
寫	1262
請	1247
任	1245
交	1240
站	1239
論	1238
病	1238
運	1231
超	1230
卡	1224
戲	1215
音	1212
愛	1210
萬	1208
耐	1207
片	1205
飛	1201
醫	1199
樂	1192
決	1189
師	1184
空	1180
五	1176
底	1171
花	1168
勁	1164
百	1159
眼	1157
驚	1156
黑	1154
晚	1150
廣	1147
考	1146
例	1146
拉	1144
畫	1143
傳	1142
另	1142
安	1136
腦	1132
斯	1132
狗	1121
圖	1120
非	1119
約	1117
山	1115
街	1114
套	1111
易	1111
料	1104
希	1100
南	1100
型	1096
指	1091
越	1090
設	1090
向	1085
產	1083
目	1082
被	1081
質	1074
容	1070
費	1068
制	1067
客	1064
根	1062
離	1057
假	1055
格	1055
立	1054
進	1053
慢	1052
飲	1048
集	1046
聯	1045
建	1044
續	1040
賣	1038
拎	1036
服	1031
戰	1029
光	1019
失	1017
視	1016
足	1012
達	1008
流	1007
囉	1007
首	1006
紅	999
野	982
姐	977
言	976
及	970
持	967
總	967
爆	967
較	965
功	964
支	960
版	960
推	957
餐	957
強	955
思	950
雖	948
換	947
佬	946
統	946
風	942
賽	937
拍	926
肉	926
亞	922
精	921
報	914
淨	912
油	908
雞	903
傾	903
的	900
尾	900
技	899
究	898
母	897
皮	894
北	894
店	893
造	890
華	888
處	885
登	885
輸	884
求	882
熱	880
從	871
演	871
千	870
節	869
刻	868
在	860
飯	855
城	855
術	854
嗎	852
證	850
展	849
維	848
且	847
段	846
龍	846
專	846
誒	845
步	837
晒	836
贏	828
款	827
酒	825
遠	821
升	821
火	817
終	816
社	816
簡	814
牌	813
六	812
議	811
著	805
務	803
院	802
殺	800
歌	800
興	798
粒	795
何	792
普	792
蚊	792
消	790
送	790
義	789
級	788
形	786
命	785
德	783
層	777
坐	775
既	770
準	770
各	770
舊	769
鐵	769
洲	765
必	762
廢	759
引	756
句	755
石	755
頂	754
元	753
觀	752
碼	751
軍	749
吖	749
共	748
垃	745
裝	744
古	743
攞	743
介	740
劇	736
府	735
環	735
圾	733
遊	731
素	731
陸	730
腳	730
八	729
優	729
況	728
灣	726
傷	724
親	723
禮	722
值	720
估	720
肯	719
九	719
牛	717
創	715
器	713
揀	712
魚	711
喀	707
季	705
深	705
治	705
故	702
止	701
牙	700
黃	698
限	697
繼	693
商	692
滿	692
組	690
奇	687
謝	687
息	685
養	684
調	684
驗	681
防	679
爭	679
媽	678
貨	674
王	673
麻	673
和	670
預	670
粉	669
案	669
確	668
台	666
追	666
配	665
歷	665
研	665
肥	663
沙	663
嚹	663
習	662
標	662
效	659
踢	658
米	657
圍	657
臺	657
拜	656
歐	656
享	656
備	654
洗	653
校	651
貴	649
答	644
宜	644
權	642
態	640
減	640
皇	637
便	636
鬼	635
突	634
輕	634
跑	632
爾	628
源	626
壓	625
助	623
投	623
參	621
趣	620
夜	619
血	615
把	611
執	610
團	609
妹	607
州	607
照	606
際	606
哥	605
停	605
初	605
控	603
尼	600
怪	598
示	595
訓	593
啫	593
㗎	592
掂	590
補	588
煩	587
羅	587
旅	586
存	583
絕	583
歲	583
局	582
斷	580
吸	579
韓	577
製	573
供	573
境	572
婆	571
管	570
極	565
房	564
並	564
紀	563
彩	562
痛	559
取	557
林	557
揾	557
切	556
抽	555
唱	555
射	555
惠	555
印	554
菜	553
顯	550
右	547
翻	547
護	547
擺	546
絲	546
職	543
掌	542
告	540
模	540
哈	538
屬	538
攻	535
票	535
官	534
像	533
舉	533
周	531
梗	529
獨	525
衫	525
篇	524
瞓	524
擊	522
速	522
導	522
蛋	522
竟	521
免	519
據	518
苦	516
蘭	515
園	514
討	512
適	511
紙	511
列	510
銀	506
番	505
隔	505
史	505
怕	504
置	503
哦	503
與	501
豆	501
負	500
嘞	500
派	497
炒	496
育	495
克	495
順	494
嚇	494
朝	493
括	492
智	492
七	492
健	492
練	491
豬	488
景	488
領	486
茶	486
短	485
康	485
象	484
盡	480
衰	478
隨	477
室	475
課	474
覆	474
拖	474
眾	473
透	472
亂	471
熟	470
膠	467
是	466
注	466
擇	465
藥	465
咋	465
居	460
乾	460
島	460
寶	457
着	457
富	456
髮	454
彈	454
營	453
具	452
聖	452
壞	450
警	449
福	449
木	449
扮	448
貼	447
燈	446
堂	444
劃	444
險	443
辦	440
冷	440
吹	440
救	440
奶	440
增	440
楚	439
拿	439
藝	439
復	438
甚	438
掛	438
編	438
青	437
毒	436
率	436
濟	435
館	435
裏	434
迷	433
雙	433
醒	433
燒	431
修	431
綫	431
某	430
嘛	429
守	429
靠	427
辛	426
破	426
遲	426
土	426
搭	426
規	425
謂	423
訊	423
抵	421
里	420
訂	418
乎	417
毛	417
念	415
愈	415
婚	414
嗯	414
杯	413
律	413
甜	411
澳	410
跳	407
朗	407
貓	406
申	405
擔	405
密	404
查	403
硬	401
屎	401
材	400
章	398
曾	397
概	397
此	396
膚	394
盤	392
激	392
評	391
症	390
唯	389
願	388
煮	388
稱	387
釋	385
鮮	385
充	384
簽	384
構	384
樹	383
威	382
夾	382
布	381
骨	381
害	379
靜	378
聞	377
博	376
酸	375
退	373
永	373
錄	373
私	372
歡	371
甲	371
航	371
跌	370
袋	370
奧	370
狀	369
粵	369
般	367
療	365
測	364
衝	362
塊	362
輪	362
雲	361
鏡	360
嘩	360
賺	359
陽	359
零	358
積	357
嚴	356
譬	356
溝	355
典	355
善	353
京	353
播	352
抗	351
偷	350
散	350
獎	350
敢	349
紹	348
軟	347
撞	346
咖	343
勢	340
急	340
漢	340
李	338
嬲	338
兒	337
附	336
折	336
倒	335
曲	334
股	333
湯	333
廿	333
責	332
炸	331
琴	331
遇	329
微	329
喜	328
致	327
慘	326
降	326
爸	324
濕	324
喊	322
宣	322
迎	322
搶	321
途	321
詞	320
冠	320
幕	319
舒	319
互	319
糖	319
距	318
河	318
批	317
了	316
汁	316
鬆	315
借	312
往	311
忍	311
父	311
佈	311
犯	310
族	310
雜	310
剩	310
伯	309
儲	309
按	308
譯	308
嫁	307
弱	306
純	306
暗	305
閒	304
泰	302
慣	301
封	301
堆	300
耳	300
拼	298
藍	297
複	297
廳	296
帝	295
辣	294
恐	293
塞	293
針	293
承	293
背	291
捉	291
疑	291
庭	290
棄	290
靈	290
綠	290
座	290
板	289
施	289
雪	289
添	289
呃	288
浪	286
鋪	286
堅	285
刺	285
爺	284
招	283
疫	283
武	282
移	282
田	282
村	282
草	282
鬱	282
尋	281
夢	281
舞	281
屈	281
獲	281
億	281
察	280
露	280
伊	280
努	279
串	279
租	279
項	279
淡	278
縣	278
異	277
鬥	276
筆	276
洋	276
啡	276
衣	274
寧	274
慮	273
倫	273
鬧	272
傻	271
肌	271
陳	271
騎	269
待	269
憶	269
購	269
農	269
域	269
穩	268
避	268
觸	268
頁	268
黐	268
迪	267
危	267
植	267
窮	266
賓	266
輯	266
納	266
爛	265
揸	265
漫	262
曬	262
禁	261
雷	260
喂	260
迫	259
偏	259
刷	258
阻	257
抑	257
幅	256
則	255
蘇	255
織	255
勝	254
顧	254
陪	254
尊	253
插	253
船	253
江	253
索	252
秒	252
缺	252
仍	251
築	251
階	250
狂	249
忽	249
碟	249
苗	249
敗	248
曼	248
畢	247
臨	247
胞	247
肚	246
幸	245
春	245
澄	243
沖	243
甩	243
休	242
廠	241
監	241
餘	241
援	241
益	240
探	240
液	240
攝	239
凍	238
叔	237
宇	237
惡	237
摩	237
賞	236
暫	236
略	236
冬	236
雨	235
宗	234
額	234
兄	233
咬	233
𠺢	233
還	232
淘	232
仁	232
震	232
醬	232
豐	232
歸	231
褲	230
餅	230
範	230
宮	230
檔	229
膽	228
省	228
叻	228
煙	227
童	227
倍	226
潔	226
戴	225
懷	224
罪	224
暴	224
糕	223
悔	222
葉	222
屆	222
搬	221
弟	220
灰	220
唉	220
圈	219
鞋	219
陰	218
誤	218
豪	218
擁	218
幻	217
雄	217
祖	217
蟲	217
滑	217
惜	216
填	216
麥	216
志	215
嘉	215
絡	215
賭	214
判	213
勞	213
夏	213
逼	212
付	211
丁	211
敏	211
悶	210
操	210
乘	210
須	210
剪	209
含	209
吓	207
欣	206
衡	206
爽	206
冰	206
塔	206
濃	206
睡	205
岩	205
奴	205
粗	204
亡	204
吉	203
橋	203
嘈	203
偈	203
良	202
掉	201
緒	201
祝	201
踩	201
財	200
芝	200
午	199
染	199
朱	199
械	199
臭	198
魔	198
滅	197
挑	197
烏	197
協	197
鎖	197
佳	197
策	197
刀	196
奏	196
競	196
眠	196
啤	196
煲	196
盃	195
潮	194
黨	194
呼	193
均	193
逐	193
妝	192
熊	192
翼	192
盟	192
鄉	192
脆	192
縮	191
顏	191
穿	190
符	190
鎮	190
儀	189
懶	188
珠	188
蓋	187
殘	186
瓜	186
佐	186
紋	186
舖	186
趕	185
佔	185
盒	185
牆	185
障	184
侵	184
仙	184
恩	184
森	184
售	183
噴	183
核	183
嘗	183
廁	182
遺	182
檢	182
宙	181
端	181
谷	181
麗	180
秘	180
氧	180
困	179
伏	179
圓	179
副	179
頻	178
荷	178
襯	178
蝗	177
績	177
旗	177
紐	177
採	177
腸	176
束	176
甘	176
延	176
魯	176
憎	176
痴	176
慳	176
霸	175
閃	175
巨	175
旺	175
鍵	175
誕	175
鼓	174
席	174
委	174
掃	173
碳	173
才	172
渣	172
潛	172
槍	171
汗	171
固	170
賤	169
閘	169
涼	168
兼	168
忙	167
融	167
撐	166
厚	166
浸	166
慶	165
拆	165
尤	165
讓	164
兵	164
梅	164
紫	164
尖	164
蝦	164
擴	164
勇	163
讚	163
偉	163
碎	163
週	163
頓	162
側	162
郵	162
岸	162
薯	162
們	161
俄	161
佛	161
革	161
楔	161
戀	160
郁	160
寄	160
泥	159
雅	159
媒	159
曆	159
妳	159
傅	157
隱	157
損	157
抄	156
盛	156
贈	156
蛛	156
癌	156
噶	156
巧	155
盾	154
瘦	154
珍	154
虛	154
序	154
蜂	154
賴	153
遮	153
述	153
載	153
旋	153
諾	152
泡	152
許	150
替	150
幣	150
伴	150
嗱	150
否	149
爐	149
鼠	149
羊	148
癲	148
箱	147
攪	147
胃	147
橫	147
痕	147
婦	146
漏	146
尿	146
洛	146
夫	145
盲	145
署	145
瘋	144
幼	144
沉	144
訪	144
糧	144
藏	143
析	143
薄	143
菌	143
鼻	142
辭	142
坡	142
蜘	142
疾	142
久	141
蛇	141
混	141
扣	141
烈	141
墨	141
攰	141
闆	140
坦	140
斬	140
緣	139
湖	139
莫	138
枝	138
櫃	138
伸	137
貝	137
貪	137
雀	137
患	137
診	136
榮	136
秋	136
劑	136
泊	136
聚	135
握	135
飾	135
磨	134
唐	134
嗌	134
粹	133
映	133
乳	133
蝕	132
描	132
督	132
看	131
晶	131
勵	131
堡	131
飽	130
錫	130
覽	130
戒	130
奮	130
詳	130
譜	130
邦	129
鹹	129
扭	128
訴	128
駁	128
揮	128
丹	128
撈	128
尷	127
遍	127
叉	127
茄	127
摺	127
碌	126
慧	125
默	125
耶	125
丫	124
嘴	124
廚	124
吳	124
審	124
怖	123
帽	123
暖	123
敦	123
敵	122
碗	122
癮	122
柔	122
拒	121
誠	121
籃	121
娛	121
頸	121
哎	121
鑊	121
也	120
剛	120
薪	120
脂	120
註	120
魂	119
砌	119
駛	119
詩	119
宿	119
繁	119
咦	119
犀	119
玻	118
授	118
秀	118
劉	118
潤	118
埔	118
捱	118
抱	117
尬	117
艾	117
徑	117
焗	117
駕	116
嫌	116
滋	116
赤	116
菲	116
枱	116
醜	115
罩	115
污	115
銷	115
央	115
遞	115
瑞	115
勻	115
摸	114
腫	114
澤	114
窗	114
坑	114
柱	114
兜	114
綜	113
閉	113
泉	113
若	113
啖	113
聊	112
娘	112
抹	112
誌	112
群	111
徵	111
貢	111
徒	111
池	111
殖	111
蜜	111
胸	110
狼	110
捧	110
邏	110
鹽	110
培	109
鵝	109
屯	109
裁	108
搏	108
累	107
薦	107
臘	107
膏	107
埃	107
隧	107
葡	107
跡	107
幹	106
厭	106
氛	106
荃	106
忘	105
汽	105
疤	105
貌	105
洞	105
軌	105
券	105
毫	105
蒙	105
氏	104
鋒	103
仇	103
餓	103
獻	103
末	103
罐	103
鴨	103
椒	103
孔	102
誇	102
憑	102
脾	102
虎	102
棍	102
熄	102
勤	102
找	101
聰	101
裂	101
扯	101
璃	101
渡	101
臟	101
搽	100
楊	100
脅	100
鳥	100
繫	100
唧	100
貧	99
拳	99
賊	99
擾	99
梯	99
竹	99
炎	99
址	99
輝	98
川	98
柏	98
截	98
蟹	98
荒	98
逃	97
俠	97
帳	97
炮	97
浮	97
湧	97
煎	97
銅	97
偶	96
晨	96
焦	96
迴	96
齡	96
賠	95
矮	95
旁	95
囡	95
毀	95
錦	95
梳	95
嘔	94
罰	93
鑽	93
倉	93
杜	93
咀	93
腐	93
沿	93
齒	93
齋	93
呎	93
這	92
孫	92
餸	92
咳	91
吊	91
淺	91
籠	91
鋼	91
恆	91
壽	91
庫	91
壇	90
腰	90
債	90
膜	90
塘	90
籌	90
卜	90
蠢	89
爬	89
蘿	89
游	89
灘	89
溶	89
棟	89
冊	89
撳	89
尺	88
斜	88
蹤	88
泛	88
嫩	88
籍	87
懼	87
晏	87
腿	86
卷	86
藉	86
塑	86
揭	86
暑	86
鯨	86
萄	86
擬	86
廈	86
闊	86
亮	85
胡	85
礙	85
乖	85
賢	85
傑	85
凡	85
姓	85
忌	85
薩	85
殊	85
塵	84
橙	84
漠	84
隆	84
肺	84
滯	84
怨	83
淫	83
裙	83
莊	83
筒	83
漸	83
磁	83
攬	83
晝	83
哨	82
捕	82
箭	82
侶	82
惑	82
君	82
柴	82
滾	82
扒	82
瞭	82
獸	81
丸	81
醉	81
捐	81
寵	81
喉	81
匙	81
纖	81
咸	81
樽	81
些	80
勒	80
劍	80
趁	80
憲	80
壯	80
蘋	80
悉	80
廉	80
屍	79
踏	79
松	79
蓮	79
証	79
吔	79
沒	78
冒	78
慾	78
奉	78
阪	78
淋	78
窿	78
祈	78
臉	77
占	77
吾	77
龜	77
櫻	77
燃	77
磅	77
萊	77
杏	77
緩	77
燥	77
蒸	77
奪	76
奈	76
悲	76
抖	76
滴	76
桶	76
晉	76
鍋	76
唇	76
桃	76
莎	76
檸	76
瑪	76
轄	76
邨	76
胖	75
孤	75
梨	75
很	74
捨	74
凌	74
鄭	74
獵	74
猶	74
坊	74
菇	74
貸	74
冧	74
寬	73
袖	73
尚	72
忠	72
豹	72
獄	72
巾	72
哲	72
篤	72
姦	71
暈	71
佩	71
鏈	71
籤	71
刪	71
匯	71
腩	71
笠	71
拌	71
𠻹	71
談	70
歉	70
陷	70
贊	70
烤	70
玉	70
鹿	70
吧	70
襲	70
曉	70
玫	70
螢	70
恥	69
干	69
牲	69
瘡	69
災	69
僅	68
謀	68
擋	68
吞	68
糟	68
塗	68
蒂	68
輔	68
瑰	68
促	68
后	68
蔬	68
腺	68
孩	67
賬	67
宅	67
歧	67
妙	67
屙	67
嘥	67
井	66
刑	66
疊	66
兇	66
貿	66
蒜	66
昌	66
駐	66
仆	66
氹	66
畜	65
循	65
掘	65
撒	65
臣	65
囊	65
渠	65
檬	65
緻	65
給	64
慰	64
托	64
匹	64
餵	64
拋	64
筋	64
崩	64
昆	64
榜	64
肝	64
邀	64
削	64
蓉	64
董	63
輩	63
棒	63
卑	63
逆	63
契	63
稿	63
磚	63
椰	63
捷	63
凱	63
憐	62
軒	62
妻	62
戚	62
浦	62
乞	62
邪	62
耗	62
巡	62
卻	62
殼	62
昂	62
拗	62
巖	62
詢	61
姑	61
諒	61
矛	61
綁	61
喪	61
俗	61
霧	61
黏	61
擎	61
唸	60
欺	60
礎	60
敬	60
莉	60
津	60
珊	60
它	59
菠	59
割	59
墊	59
逢	59
嘆	59
韻	59
綿	59
棉	59
鄰	58
扔	58
彎	58
裸	58
吐	58
攤	58
隸	58
椅	58
芬	58
遙	58
漿	58
咯	57
慕	57
羞	57
咒	57
鳴	57
腎	57
窄	57
疏	57
驟	57
葵	57
圳	57
欄	57
振	57
埗	57
瘤	57
爵	57
脊	57
礦	57
併	57
匿	57
孕	56
啪	56
淚	56
恭	56
蕉	56
躍	56
陌	56
錶	56
撩	56
崗	56
冚	56
那	55
轟	55
偽	55
寒	55
猩	55
扎	55
寸	55
糊	55
恰	55
鑼	55
閣	55
甸	55
嫲	55
嚿	55
恢	54
姊	54
劣	54
惹	54
脹	54
騰	54
仗	54
催	54
晰	54
岡	54
粥	54
壁	54
薑	54
閂	54
艙	54
屁	53
搖	53
湊	53
晴	53
旦	53
呈	53
屠	52
徹	52
帥	52
犧	52
盔	52
召	52
繞	52
羽	52
謬	52
僱	52
脈	52
泳	52
杉	52
俊	51
漂	51
犬	51
撕	51
遷	51
遜	51
兔	51
涉	51
窩	51
劫	51
牧	51
憂	51
肪	51
拔	51
凸	51
竇	51
妨	50
稀	50
胎	50
穎	50
乙	50
撼	50
娜	50
屏	50
筷	50
醋	50
姆	50
柯	50
辨	50
繪	50
廊	50
醇	50
粟	50
掣	50
掟	50
尻	49
違	49
撲	49
虹	49
懸	49
貫	49
臂	49
剝	49
乏	49
拯	49
雕	49
訝	49
鬚	49
荔	49
氨	49
騙	48
恨	48
跨	48
謙	48
艦	48
賀	48
芒	48
螺	48
郭	48
彼	48
芽	48
瓦	48
浴	48
郡	48
鴉	48
嶺	48
桂	48
弗	48
檯	48
熒	48
胰	48
籬	48
託	47
惱	47
驅	47
姿	47
仿	47
芯	47
祥	47
騷	47
暢	47
翠	47
醃	47
衞	47
欠	46
辱	46
眉	46
崇	46
舍	46
辯	46
沈	46
滲	46
猛	46
喱	46
役	46
穌	46
芳	46
盈	46
姻	46
茲	46
痾	46
怡	46
嬰	45
搜	45
呆	45
揚	45
鄧	45
浩	45
郊	45
缸	45
腔	45
鳳	45
廷	45
喬	45
詹	45
蠔	45
釐	45
喻	44
溜	44
禾	44
耀	44
袁	44
蔡	44
砂	44
灑	44
秦	44
頒	44
准	44
偵	44
棵	44
荊	44
韌	44
藩	44
凈	44
响	44
孝	43
斤	43
玄	43
縱	43
旨	43
桑	43
仰	43
予	42
勉	42
棚	42
汰	42
菊	42
框	42
繩	42
斑	42
呵	42
伐	42
陵	42
啩	42
褸	42
妥	41
戈	41
瑜	41
勾	41
蹈	41
膩	41
洪	41
刊	41
欖	41
酵	41
龐	41
鯊	41
擦	40
凝	40
琳	40
糾	40
獅	40
呂	40
燕	40
碧	40
嘿	40
措	40
巢	40
艇	40
寺	40
諸	39
裔	39
罕	39
夥	39
恒	39
稍	38
吠	38
淆	38
鷹	38
抬	38
曹	38
劈	38
敷	38
譚	38
嶼	38
廟	38
軸	38
撻	38
肢	38
劏	38
噏	38
豉	38
睛	37
疲	37
巫	37
碰	37
喚	37
稚	37
哇	37
慈	37
猴	37
殿	37
伍	37
枕	37
禦	37
販	37
鰻	37
帕	37
妮	37
氫	37
卸	36
鞭	36
鍊	36
挨	36
祭	36
棋	36
爪	36
誘	36
葛	36
渴	36
鮑	36
紛	36
皆	36
霜	36
卵	36
徐	36
蕾	36
陶	36
鶴	36
慌	36
澱	36
酥	36
剷	36
穆	36
嘍	36
脷	36
什	35
捲	35
抓	35
牽	35
掩	35
悟	35
翁	35
漲	35
愉	35
潰	35
癒	35
剔	35
嚮	35
呻	35
墟	35
凹	35
擰	35
弊	35
歎	35
瀏	35
拾	34
腹	34
娶	34
笨	34
掙	34
侍	34
傲	34
腥	34
飄	34
宵	34
寨	34
盧	34
兆	34
濾	34
彌	34
沽	34
琪	34
蔔	34
𠺝	34
沃	34
怒	33
罵	33
狠	33
弓	33
疹	33
霆	33
蟻	33
啞	33
儘	33
蝠	33
噪	33
柳	33
濫	33
夕	33
襟	33
磡	33
緬	33
瞬	33
燭	33
于	33
餡	33
匈	33
戇	33
瀨	33
憤	32
罷	32
朵	32
奸	32
矩	32
梁	32
摘	32
盜	32
遭	32
憾	32
蹟	32
貞	32
扇	32
袍	32
趨	32
苑	32
譽	32
耕	32
坪	32
膊	32
瑚	32
釀	32
諮	32
杰	32
桌	31
厲	31
勸	31
廂	31
斧	31
辜	31
寂	31
囝	31
虐	31
扶	31
襪	31
釘	31
誓	31
藤	31
紗	31
涯	31
魅	31
凳	31
咕	31
墮	31
餃	31
姨	31
您	31
濱	31
咭	31
鎚	31
爹	30
幽	30
潘	30
迅	30
纏	30
誼	30
鏟	30
匪	30
征	30
韋	30
玲	30
紮	30
卒	30
輻	30
峰	30
摧	30
窟	30
霍	30
漁	30
腍	30
蕃	30
魷	30
跪	29
墳	29
煉	29
諷	29
儒	29
頹	29
炭	29
遵	29
勿	29
肅	29
篩	29
芭	29
胺	29
籽	29
吋	29
娃	28
丟	28
擅	28
禍	28
啵	28
償	28
挖	28
侯	28
蝙	28
釣	28
扁	28
蠟	28
斥	28
筍	28
蝶	28
撫	28
逸	28
撤	28
丙	28
肆	28
笪	28
肖	28
摞	28
擠	27
羨	27
鞍	27
涵	27
淑	27
叛	27
漆	27
奢	27
莓	27
謹	27
嚨	27
昇	27
盆	27
蒲	27
壤	27
簿	27
榴	27
峽	27
赫	27
髓	27
韶	27
孟	27
捽	27
噢	27
肩	26
詛	26
蓄	26
卦	26
灌	26
碩	26
芋	26
哀	26
蕩	26
馮	26
酬	26
槽	26
艱	26
聆	26
橄	26
汕	26
痘	26
磯	26
穀	26
梭	26
噸	26
円	26
轆	26
跣	26
孖	26
拐	25
瓏	25
坤	25
欲	25
瀉	25
悠	25
彭	25
押	25
彥	25
諧	25
眨	25
婷	25
橡	25
鼎	25
抆	25
逗	24
郎	24
杖	24
侮	24
狐	24
噓	24
叮	24
懲	24
舟	24
勃	24
彙	24
巷	24
詠	24
泵	24
刨	24
挪	24
攜	24
陀	24
盞	24
飢	24
宋	24
欽	24
棕	24
丘	24
滷	24
櫈	24
癥	24
鈣	24
賦	23
酷	23
佑	23
帖	23
箍	23
鑑	23
搓	23
拓	23
鈴	23
崖	23
卓	23
椎	23
鉛	23
穴	23
豚	23
纜	23
鋁	23
斗	23
亨	23
糯	23
拱	23
絨	23
溯	23
撚	23
嘟	23
丼	23
騮	23
棲	23
嗲	23
軚	23
齣	23
喝	22
弄	22
皺	22
瓶	22
吻	22
蝻	22
寞	22
狙	22
寡	22
饋	22
耍	22
僻	22
宏	22
采	22
茂	22
攀	22
曱	22
瓷	22
孭	22
搣	22
呷	22
閨	22
傢	21
撥	21
俱	21
趾	21
檻	21
挽	21
葬	21
躁	21
庸	21
裕	21
踐	21
瓣	21
疇	21
糰	21
謎	21
綱	21
帆	21
禱	21
亭	21
嵌	21
燶	21
倩	21
札	21
揼	21
恤	21
昨	20
丈	20
輛	20
蠻	20
宴	20
岑	20
丑	20
沫	20
趙	20
馳	20
癡	20
顛	20
姬	20
豫	20
堤	20
曝	20
茅	20
蕭	20
睹	20
倦	20
撇	20
芙	20
聘	20
癖	20
駭	20
霖	20
琉	20
烹	20
柚	20
楓	20
垂	20
柬	20
逾	20
粘	20
溪	20
泌	20
硫	20
摷	20
貶	19
翅	19
歪	19
歇	19
楠	19
繳	19
衷	19
縫	19
奔	19
剃	19
慨	19
諜	19
壟	19
嬌	19
銘	19
萌	19
厄	19
允	19
賜	19
禧	19
馨	19
蝴	19
墜	19
邁	19
煤	19
伺	19
酋	19
徽	19
瀑	19
棠	19
唓	19
唥	19
胚	19
熙	19
嘎	19
鳩	19
茸	19
槤	19
㖭	19
呔	19
麼	18
砍	18
癢	18
莖	18
烘	18
曖	18
叭	18
嬸	18
墓	18
膝	18
酪	18
侏	18
昏	18
漬	18
崎	18
慎	18
顆	18
瀕	18
頗	18
蔣	18
茫	18
枯	18
褪	18
瑕	18
遼	18
撬	18
飼	18
瀝	18
茨	18
甴	18
哺	18
喐	18
旬	18
舐	18
炆	18
吃	17
猜	17
泄	17
禿	17
錘	17
刮	17
晤	17
牢	17
睬	17
侈	17
鴿	17
毅	17
幢	17
碑	17
笛	17
僧	17
弦	17
薈	17
倡	17
蔚	17
裹	17
魏	17
樞	17
傍	17
窒	17
芫	17
逝	17
毋	17
伽	17
屌	17
旱	17
樺	17
沸	17
唞	17
哭	16
糞	16
舌	16
倚	16
沾	16
涌	16
嗚	16
余	16
闖	16
敲	16
淪	16
叢	16
嘻	16
肋	16
披	16
霞	16
僵	16
挫	16
壺	16
蝸	16
甫	16
蓬	16
猿	16
繹	16
募	16
奕	16
蘆	16
掠	16
寓	16
蔭	16
冥	16
嘯	16
棘	16
勳	16
鐳	16
箇	16
氯	16
麟	16
厹	16
頃	16
骼	16
扤	16
蘑	16
禺	16
伙	15
挺	15
蹄	15
冤	15
厘	15
豎	15
昧	15
呱	15
抒	15
絮	15
妖	15
娟	15
擒	15
煞	15
哄	15
穫	15
塌	15
焚	15
庇	15
緋	15
汶	15
潑	15
馴	15
鱲	15
囂	15
拘	15
柄	15
楂	15
疆	15
翰	15
喳	15
閩	15
匠	15
佣	15
腕	15
鎊	15
梵	15
摔	15
弧	15
蔽	15
榨	15
曳	15
株	15
烷	15
皓	15
茜	15
温	15
咓	15
髀	15
雯	15
矽	15
艘	15
乸	15
掹	15
宰	14
鬍	14
堵	14
喘	14
妓	14
肛	14
堪	14
鉗	14
懦	14
嗡	14
僕	14
捍	14
吱	14
蠱	14
嚕	14
痰	14
蠅	14
揪	14
靖	14
墅	14
媚	14
乃	14
繡	14
蠶	14
夷	14
婉	14
淵	14
閑	14
籲	14
瓊	14
鹼	14
燉	14
鯉	14
柒	14
噚	14
唪	14
喼	14
啜	14
鎂	14
揹	14
釉	14
隋	14
誰	13
枉	13
趴	13
傭	13
蛙	13
攔	13
凶	13
竭	13
嫂	13
疚	13
剎	13
妄	13
琦	13
狹	13
燙	13
茵	13
弘	13
膨	13
樑	13
衍	13
頑	13
鋸	13
淒	13
愧	13
翔	13
熔	13
唏	13
卿	13
頌	13
銜	13
履	13
雌	13
潭	13
颱	13
顎	13
膳	13
藕	13
荽	13
釜	13
狄	13
萃	13
嗜	13
鈉	13
𠿪	13
踭	13
揦	13
隕	13
㩒	13
昭	13
徙	13
函	13
躉	13
罅	13
帛	13
嚐	13
擘	13
懂	12
吵	12
傘	12
遣	12
翩	12
駒	12
汪	12
丞	12
汐	12
陋	12
邱	12
扼	12
鱷	12
袱	12
鈕	12
孚	12
惟	12
鑲	12
鴻	12
饑	12
簾	12
瘀	12
祿	12
峻	12
懵	12
槳	12
盪	12
飆	12
俯	12
晾	12
礁	12
坳	12
蔓	12
産	12
拃	12
俬	12
榕	12
她	11
弩	11
渾	11
竊	11
仕	11
嘲	11
孽	11
驕	11
倪	11
喵	11
煌	11
稻	11
靴	11
賈	11
僑	11
肇	11
燦	11
擲	11
謠	11
沮	11
鵬	11
奄	11
魁	11
懊	11
禽	11
濤	11
鹵	11
剖	11
酮	11
踎	11
剌	11
糙	11
撰	11
圃	11
墻	11
翡	11
冕	11
玥	11
澎	11
惶	11
濠	11
寮	11
櫚	11
熬	10
膀	10
愚	10
奠	10
淇	10
喲	10
匡	10
嘜	10
棺	10
愁	10
渦	10
狩	10
掏	10
吼	10
憧	10
屑	10
篷	10
秩	10
癱	10
埠	10
辰	10
蟬	10
槌	10
豁	10
迦	10
燴	10
錐	10
蕊	10
曦	10
畏	10
頰	10
栽	10
摯	10
圭	10
鴦	10
薇	10
棧	10
鴛	10
曰	10
氈	10
蜢	10
鞏	10
乒	10
几	10
御	10
酶	10
奀	10
弛	10
鎧	10
紡	10
尉	10
咧	10
彤	10
搦	10
噃	10
紊	10
并	10
臀	10
醛	10
薰	10
痺	10
媾	10
荳	10
𨳊	10
睥	10
怎	9
妒	9
頡	9
狸	9
舔	9
橘	9
穢	9
蟒	9
瞄	9
噹	9
噩	9
凰	9
桿	9
廓	9
怯	9
瞞	9
阱	9
韭	9
恃	9
瑩	9
稠	9
憬	9
繽	9
抉	9
聾	9
獺	9
胭	9
訣	9
囚	9
啄	9
鈞	9
蛾	9
疵	9
剋	9
乓	9
皂	9
兀	9
杆	9
藻	9
檳	9
澀	9
綺	9
慄	9
莞	9
瑟	9
瑤	9
户	9
樖	9
幌	9
琶	9
躝	9
啝	9
蜀	9
祠	9
敞	9
氟	9
箕	9
茉	9
鈾	9
牟	9
醣	9
洽	9
覓	8
虧	8
鈍	8
轍	8
揩	8
螞	8
焊	8
鈀	8
瀟	8
莽	8
惘	8
吟	8
閹	8
縛	8
綽	8
媛	8
噬	8
崛	8
萍	8
昔	8
翹	8
贖	8
雍	8
壘	8
姜	8
詭	8
芥	8
焰	8
隙	8
嗅	8
虔	8
沛	8
陝	8
芹	8
妃	8
坎	8
黯	8
鑿	8
梘	8
淤	8
杞	8
磷	8
匣	8
抌	8
鑒	8
蘸	8
灒	8
濁	8
吡	8
戥	8
締	8
蛟	8
瞳	8
鮓	8
耷	8
閏	8
拂	8
麒	8
焫	8
綴	8
謊	7
拙	7
詐	7
儉	7
冗	7
塢	7
煽	7
刃	7
煦	7
蒼	7
釁	7
躺	7
暇	7
庚	7
砲	7
桓	7
刁	7
堯	7
瘟	7
蚤	7
樸	7
耿	7
妍	7
哼	7
嚼	7
瞻	7
膿	7
豔	7
睫	7
攣	7
絞	7
緯	7
馭	7
矢	7
朦	7
肘	7
拇	7
緝	7
赦	7
垣	7
紳	7
饅	7
煥	7
蕎	7
俘	7
鰭	7
鉀	7
渺	7
禪	7
啓	7
臍	7
侷	7
蕪	7
萎	7
羹	7
鍛	7
峯	7
矚	7
崙	7
淮	7
邋	7
輟	7
逳	7
蜆	7
桐	7
灼	7
錳	7
朴	7
砒	7
雁	7
蔻	7
髹	7
𦧲	7
蜻	7
鵰	7
掕	7
芡	7
鏽	7
汆	7
埲	7
卅	7
牯	7
飪	7
鋅	7
鐸	7
菁	7
筲	7
砵	7
鷺	7
遢	7
贛	7
云	7
哪	6
扳	6
鄙	6
噁	6
炫	6
秤	6
逛	6
顫	6
漩	6
范	6
燜	6
齦	6
斂	6
矯	6
庶	6
軀	6
蹲	6
鈔	6
咎	6
鰹	6
滄	6
箏	6
辮	6
浣	6
邵	6
繆	6
遂	6
駱	6
壩	6
詮	6
晦	6
綢	6
籮	6
饒	6
溏	6
倖	6
炳	6
盅	6
巳	6
烯	6
譴	6
詔	6
虜	6
矣	6
俐	6
掀	6
綻	6
佘	6
駿	6
魄	6
楷	6
娥	6
誡	6
姚	6
珀	6
鉅	6
芷	6
畝	6
姣	6
暨	6
翌	6
橢	6
彪	6
饌	6
壆	6
潢	6
眸	6
靶	6
滘	6
揈	6
蜴	6
腱	6
綵	6
洱	6
颯	6
絃	6
粧	6
朕	6
戟	6
彗	6
戊	6
殉	6
毓	6
唾	6
痹	6
霹	6
氮	6
苔	6
扲	6
彰	6
嗤	6
鰓	6
孜	6
搾	6
柑	6
暉	6
蓆	6
嫡	6
侖	6
迭	6
鎗	6
驛	6
靂	6
餾	6
癦	6
悖	6
惰	5
啃	5
髒	5
倆	5
赴	5
賄	5
褻	5
輿	5
祟	5
撓	5
韜	5
蠓	5
嵐	5
旭	5
氓	5
擂	5
腋	5
螳	5
灸	5
畸	5
螂	5
捅	5
鼾	5
簷	5
撮	5
瘍	5
拚	5
謗	5
盯	5
狽	5
荼	5
婪	5
垢	5
嗽	5
綸	5
蠍	5
乍	5
菱	5
龔	5
趟	5
瀾	5
餛	5
喋	5
蹋	5
飩	5
孵	5
鑄	5
揉	5
荀	5
嬉	5
竅	5
悼	5
骸	5
駝	5
棱	5
恕	5
儡	5
輾	5
岔	5
傀	5
鄺	5
諭	5
滔	5
檀	5
畔	5
侄	5
懈	5
雛	5
鰂	5
炙	5
祺	5
逅	5
囑	5
漾	5
槓	5
邂	5
棗	5
哮	5
漓	5
瘧	5
紓	5
藜	5
忟	5
橛	5
璧	5
砰	5
㷫	5
焙	5
蚱	5
韮	5
鏢	5
璀	5
蒐	5
卯	5
璨	5
瓤	5
骰	5
瞰	5
繃	5
咐	5
峭	5
蹺	5
倭	5
燻	5
亥	5
拮	5
熾	5
渲	5
崔	5
嶄	5
汀	5
哽	5
殞	5
峇	5
寇	5
熠	5
秉	5
劾	5
嗶	5
鱈	5
祇	5
挾	5
菓	5
讕	5
呯	5
嫻	5
忿	5
叠	5
鎔	5
斌	5
𠮨	5
嘶	5
塚	5
黴	5
溢	5
趷	5
脱	5
𠝹	5
鎢	5
稜	5
孳	5
糍	5
砧	5
桔	5
餚	4
疼	4
澈	4
捆	4
倔	4
澡	3
逮	3
匆	3
狡	3
淹	3
睪	3
拭	3
暱	3
娼	3
眶	3
霉	3
猥	3
涕	3
瑣	3
勺	3
賂	3
餿	3
窺	3
岳	3
窪	2
猾	2
睜	2
悄	2
袒	2
搗	2
諱	2
鑰	2
嫉	2
躲	2
琢	2
撿	1
垮	1
摳	1
饞	1
牡	1
迂	1
楣	1
啥	0
咱	0
甭	0
螫	0
菸	0
丐	0
婊	0
梢	0
憋	0
嘖	0
脖	0
鱉	0
蔫	0
痣	0
